,status
0,0
1,1
2,1
3,0
4,0
5,1
6,0
7,1
8,0
9,0
10,0
11,0
12,0
13,1
14,0
15,1
16,0
17,1
18,1
19,0
20,0
21,0
22,1
23,0
24,1
25,1
26,0
27,0
28,1
29,1
30,0
31,1
32,1
33,1
34,0
35,0
36,1
37,0
38,0
39,0
40,1
41,1
42,1
43,0
44,0
45,1
46,0
47,1
48,0
49,1
50,1
51,1
52,1
53,0
54,1
55,1
56,1
57,0
58,1
59,1
60,0
61,1
62,0
63,0
64,1
65,1
66,1
67,0
68,0
69,0
70,1
71,0
72,0
73,1
74,1
75,1
76,0
77,1
78,0
79,1
80,1
81,1
82,0
83,0
84,1
85,0
86,0
87,0
88,1
89,0
90,0
91,1
92,0
93,1
94,0
95,0
96,0
97,0
98,0
99,1
100,0
101,1
102,0
103,1
104,1
105,1
106,0
107,1
108,1
109,0
110,0
111,1
112,0
113,1
114,0
115,0
116,1
117,0
118,0
119,1
120,1
121,1
122,1
123,1
124,1
125,1
126,1
127,1
128,1
129,0
130,1
131,0
132,1
133,0
134,0
135,0
136,1
137,1
138,0
139,0
140,1
141,0
142,1
143,0
144,0
145,0
146,1
147,0
148,1
149,0
150,0
151,1
152,1
153,0
154,0
155,0
156,1
157,0
158,0
159,1
160,1
161,0
162,0
163,1
164,0
165,0
166,0
167,0
168,1
169,1
170,1
171,0
172,0
173,0
174,1
175,1
176,1
177,0
178,0
179,1
180,1
181,1
182,1
183,1
184,1
185,1
186,1
187,1
188,1
189,0
190,1
191,1
192,1
193,1
194,1
195,0
196,1
197,1
198,0
199,0
200,1
201,0
202,1
203,0
204,0
205,0
206,0
207,1
208,1
209,1
210,1
211,0
212,0
213,1
214,0
215,0
216,0
217,0
218,0
219,1
220,0
221,1
222,0
223,1
224,0
225,0
226,0
227,1
228,0
229,0
230,0
231,1
232,0
233,0
234,0
235,0
236,0
237,1
238,0
239,1
240,1
241,1
242,0
243,0
244,1
245,1
246,1
247,0
248,1
249,1
250,0
251,1
252,0
253,0
254,0
255,0
256,0
257,1
258,1
259,0
260,0
261,0
262,1
263,0
264,1
265,0
266,0
267,0
268,0
269,0
270,1
271,1
272,0
273,0
274,1
275,1
276,0
277,1
278,0
279,1
280,1
281,1
282,1
283,1
284,0
285,0
286,0
287,1
288,0
289,1
290,0
291,0
292,0
293,0
294,1
295,0
296,0
297,0
298,0
299,1
300,1
301,0
302,0
303,1
304,1
305,1
306,1
307,1
308,1
309,1
310,1
311,0
312,1
313,0
314,0
315,1
316,1
317,0
318,0
319,1
320,0
321,0
322,0
323,1
324,0
325,0
326,0
327,1
328,1
329,1
330,0
331,0
332,0
333,1
334,0
335,1
336,0
337,1
338,1
339,0
340,1
341,0
342,0
343,0
344,0
345,0
346,1
347,0
348,0
349,0
350,0
351,0
352,1
353,1
354,0
355,1
356,1
357,0
358,0
359,0
360,0
361,0
362,1
363,1
364,1
365,0
366,0
367,0
368,1
369,1
370,0
371,1
372,1
373,1
374,1
375,0
376,0
377,0
378,0
379,1
380,1
381,0
382,1
383,0
384,1
385,1
386,0
387,1
388,1
389,1
390,1
391,0
392,1
393,0
394,1
395,0
396,1
397,1
398,1
399,1
400,0
401,0
402,0
403,1
404,0
405,1
406,0
407,1
408,1
409,0
410,0
411,1
412,0
413,0
414,0
415,0
416,1
417,1
418,0
419,0
420,0
421,0
422,0
423,1
424,0
425,1
426,0
427,1
428,1
429,1
430,0
431,0
432,0
433,1
434,0
435,0
436,1
437,1
438,0
439,1
440,0
441,0
442,0
443,0
444,1
445,1
446,0
447,1
448,1
449,0
450,1
451,1
452,1
453,0
454,1
455,0
456,0
457,0
458,0
459,0
460,0
461,0
462,1
463,0
464,1
465,1
466,0
467,0
468,1
469,0
470,0
471,0
472,1
473,0
474,0
475,0
476,0
477,0
478,1
479,0
480,0
481,0
482,0
483,1
484,1
485,0
486,1
487,0
488,0
489,1
490,0
491,1
492,0
493,0
494,0
495,1
496,0
497,1
498,1
499,0
500,0
501,1
502,0
503,0
504,0
505,0
506,0
507,1
508,1
509,0
510,1
511,1
512,1
513,1
514,1
515,1
516,0
517,0
518,0
519,0
520,1
521,0
522,1
523,0
524,0
525,0
526,1
527,1
528,0
529,0
530,0
531,0
532,1
533,0
534,0
535,1
536,0
537,0
538,1
539,1
540,1
541,0
542,1
543,0
544,0
545,0
546,1
547,0
548,1
549,0
550,1
551,1
552,1
553,0
554,0
555,0
556,0
557,0
558,1
559,0
560,0
561,1
562,1
563,1
564,0
565,0
566,1
567,1
568,1
569,0
570,1
571,0
572,1
573,0
574,1
575,1
576,1
577,0
578,0
579,1
580,0
581,0
582,1
583,0
584,1
585,0
586,0
587,0
588,0
589,0
590,1
591,1
592,0
593,1
594,1
595,1
596,1
597,1
598,1
599,0
600,1
601,1
602,0
603,0
604,1
605,1
606,0
607,1
608,1
609,0
610,0
611,1
612,1
613,1
614,0
615,0
616,1
617,1
618,0
619,1
620,0
621,1
622,0
623,1
624,0
625,0
626,1
627,1
628,1
629,1
630,0
631,0
632,1
633,1
634,0
635,1
636,0
637,1
638,1
639,0
640,0
641,0
642,0
643,1
644,0
645,1
646,0
647,1
648,0
649,1
650,1
651,0
652,0
653,1
654,0
655,0
656,0
657,1
658,1
659,0
660,0
661,1
662,1
663,1
664,1
665,1
666,0
667,0
668,1
669,0
670,1
671,0
672,0
673,0
674,1
675,1
676,0
677,1
678,0
679,0
680,0
681,1
682,0
683,1
684,1
685,1
686,0
687,0
688,0
689,0
690,0
691,1
692,1
693,1
694,1
695,1
696,1
697,1
698,0
699,0
700,1
701,1
702,1
703,1
704,0
705,0
706,0
707,0
708,0
709,0
710,1
711,1
712,0
713,0
714,1
715,1
716,1
717,1
718,0
719,0
720,0
721,0
722,1
723,0
724,1
725,0
726,1
727,1
728,1
729,0
730,1
731,1
732,0
733,0
734,0
735,0
736,1
737,0
738,0
739,0
740,1
741,1
742,0
743,1
744,1
745,1
746,0
747,0
748,0
749,1
750,1
751,1
752,1
753,1
754,0
755,1
756,1
757,0
758,1
759,0
760,1
761,0
762,1
763,0
764,0
765,1
766,1
767,1
768,0
769,1
770,0
771,0
772,1
773,1
774,1
775,0
776,0
777,1
778,0
779,0
780,1
781,1
782,0
783,1
784,0
785,1
786,0
787,1
788,1
789,1
790,1
791,1
792,0
793,0
794,1
795,0
796,1
797,0
798,1
799,1
800,1
801,1
802,1
803,0
804,1
805,0
806,0
807,0
808,1
809,0
810,0
811,1
812,0
813,0
814,0
815,1
816,1
817,0
818,0
819,0
820,1
821,1
822,1
823,1
824,0
825,0
826,1
827,0
828,1
829,0
830,0
831,0
832,1
833,1
834,1
835,1
836,0
837,1
838,0
839,0
840,0
841,0
842,1
843,1
844,0
845,0
846,0
847,1
848,1
849,0
850,1
851,0
852,0
853,1
854,0
855,1
856,0
857,0
858,0
859,1
860,1
861,1
862,0
863,1
864,0
865,1
866,0
867,0
868,1
869,1
870,0
871,0
872,0
873,1
874,0
875,1
876,0
877,0
878,0
879,0
880,0
881,0
882,1
883,1
884,1
885,0
886,0
887,1
888,0
889,0
890,1
891,0
892,0
893,1
894,0
895,1
896,0
897,1
898,1
899,1
900,0
901,0
902,0
903,0
904,0
905,1
906,1
907,0
908,1
909,1
910,1
911,1
912,1
913,0
914,0
915,0
916,0
917,0
918,1
919,1
920,1
921,1
922,0
923,1
924,0
925,0
926,1
927,0
928,0
929,0
930,1
931,1
932,1
933,0
934,1
935,1
936,0
937,1
938,1
939,0
940,0
941,1
942,0
943,0
944,0
945,0
946,0
947,0
948,1
949,0
950,1
951,0
952,1
953,0
954,1
955,0
956,1
957,0
958,1
959,0
960,0
961,0
962,1
963,0
964,1
965,0
966,0
967,0
968,1
969,0
970,0
971,1
972,1
973,0
974,1
975,1
976,1
977,1
978,0
979,0
980,1
981,1
982,0
983,1
984,1
985,1
986,1
987,1
988,0
989,0
990,0
991,1
992,1
993,1
994,1
995,1
996,0
997,1
998,0
999,0
1000,1
1001,1
1002,1
1003,1
1004,1
1005,1
1006,0
1007,1
1008,0
1009,0
1010,1
1011,0
1012,1
1013,1
1014,1
1015,1
1016,1
1017,0
1018,1
1019,1
1020,0
1021,0
1022,0
1023,1
1024,1
1025,0
1026,0
1027,1
1028,0
1029,0
1030,1
1031,0
1032,1
1033,1
1034,1
1035,1
1036,1
1037,0
1038,0
1039,1
1040,0
1041,1
1042,0
1043,1
1044,1
1045,1
1046,1
1047,1
1048,0
1049,0
1050,0
1051,0
1052,1
1053,1
1054,0
1055,1
1056,0
1057,1
1058,1
1059,0
1060,0
1061,1
1062,1
1063,0
1064,1
1065,1
1066,0
1067,0
1068,1
1069,0
1070,0
1071,1
1072,1
1073,0
1074,0
1075,1
1076,1
1077,0
1078,1
1079,0
1080,0
1081,0
1082,1
1083,1
1084,1
1085,0
1086,0
1087,1
1088,1
1089,1
1090,0
1091,1
1092,0
1093,0
1094,0
1095,0
1096,0
1097,0
1098,0
1099,0
1100,0
1101,0
1102,0
1103,0
1104,1
1105,0
1106,0
1107,1
1108,1
1109,0
1110,1
1111,0
1112,1
1113,1
1114,0
1115,0
1116,1
1117,1
1118,0
1119,0
1120,0
1121,1
1122,1
1123,0
1124,1
1125,1
1126,0
1127,1
1128,0
1129,0
1130,0
1131,1
1132,0
1133,1
1134,0
1135,0
1136,1
1137,0
1138,0
1139,0
1140,1
1141,0
1142,0
1143,0
1144,0
1145,1
1146,0
1147,1
1148,1
1149,1
1150,0
1151,0
1152,1
1153,1
1154,0
1155,0
1156,0
1157,0
1158,0
1159,1
1160,0
1161,1
1162,0
1163,1
1164,1
1165,1
1166,1
1167,0
1168,0
1169,1
1170,1
1171,1
1172,1
1173,1
1174,1
1175,1
1176,1
1177,1
1178,0
1179,1
1180,1
1181,1
1182,1
1183,0
1184,0
1185,0
1186,0
1187,1
1188,1
1189,0
1190,0
1191,1
1192,0
1193,1
1194,1
1195,0
1196,1
1197,1
1198,1
1199,1
1200,1
1201,1
1202,1
1203,1
1204,1
1205,1
1206,1
1207,0
1208,1
1209,1
1210,1
1211,0
1212,1
1213,0
1214,0
1215,0
1216,1
1217,1
1218,0
1219,1
1220,0
1221,0
1222,1
1223,0
1224,1
1225,0
1226,1
1227,1
1228,0
1229,0
1230,0
1231,1
1232,1
1233,1
1234,1
1235,1
1236,1
1237,0
1238,1
1239,0
1240,1
1241,0
1242,1
1243,1
1244,0
1245,1
1246,0
1247,1
1248,1
1249,1
1250,1
1251,1
1252,1
1253,1
1254,0
1255,0
1256,1
1257,0
1258,0
1259,1
1260,1
1261,1
1262,1
1263,0
1264,0
1265,1
1266,0
1267,1
1268,0
1269,1
1270,1
1271,0
1272,0
1273,1
1274,1
1275,1
1276,1
1277,1
1278,0
1279,1
1280,0
1281,1
1282,1
1283,1
1284,0
1285,0
1286,0
1287,0
1288,1
1289,1
1290,1
1291,0
1292,0
1293,1
1294,1
1295,1
1296,0
1297,0
1298,0
1299,0
1300,0
1301,0
1302,0
1303,1
1304,0
1305,0
1306,1
1307,1
1308,1
1309,1
1310,0
1311,1
1312,0
1313,1
1314,0
1315,1
1316,1
1317,0
1318,0
1319,0
1320,1
1321,1
1322,1
1323,0
1324,1
1325,1
1326,1
1327,1
1328,1
1329,1
1330,0
1331,1
1332,0
1333,0
1334,1
1335,0
1336,1
1337,1
1338,0
1339,0
1340,0
1341,0
1342,0
1343,0
1344,1
1345,0
1346,0
1347,1
1348,0
1349,0
1350,0
1351,1
1352,1
1353,0
1354,0
1355,0
1356,1
1357,1
1358,1
1359,0
1360,1
1361,0
1362,1
1363,0
1364,1
1365,1
1366,1
1367,1
1368,1
1369,0
1370,1
1371,0
1372,0
1373,1
1374,1
1375,1
1376,0
1377,1
1378,0
1379,0
1380,0
1381,0
1382,1
1383,1
1384,0
1385,0
1386,0
1387,0
1388,1
1389,0
1390,1
1391,0
1392,0
1393,0
1394,0
1395,0
1396,0
1397,0
1398,1
1399,0
1400,0
1401,1
1402,1
1403,1
1404,0
1405,1
1406,1
1407,1
1408,1
1409,0
1410,1
1411,1
1412,0
1413,0
1414,1
1415,1
1416,1
1417,1
1418,1
1419,1
1420,1
1421,0
1422,1
1423,0
1424,1
1425,1
1426,1
1427,0
1428,0
1429,1
1430,0
1431,0
1432,0
1433,0
1434,1
1435,1
1436,0
1437,1
1438,1
1439,1
1440,1
1441,1
1442,0
1443,0
1444,1
1445,0
1446,1
1447,0
1448,1
1449,1
1450,1
1451,0
1452,0
1453,0
1454,1
1455,1
1456,1
1457,0
1458,0
1459,0
1460,0
1461,0
1462,0
1463,1
1464,1
1465,0
1466,1
1467,0
1468,1
1469,1
1470,1
1471,1
1472,0
1473,0
1474,0
1475,0
1476,1
1477,1
1478,1
1479,1
1480,1
1481,1
1482,0
1483,0
1484,0
1485,1
1486,1
1487,0
1488,0
1489,1
1490,0
1491,1
1492,1
1493,0
1494,1
1495,1
1496,0
1497,1
1498,1
1499,1
1500,0
1501,0
1502,0
1503,0
1504,0
1505,1
1506,0
1507,1
1508,1
1509,1
1510,0
1511,0
1512,1
1513,0
1514,0
1515,1
1516,1
1517,1
1518,1
1519,1
1520,1
1521,0
1522,0
1523,0
1524,0
1525,0
1526,0
1527,1
1528,1
1529,0
1530,1
1531,1
1532,0
1533,1
1534,0
1535,1
1536,1
1537,0
1538,1
1539,1
1540,0
1541,0
1542,1
1543,1
1544,1
1545,1
1546,0
1547,0
1548,0
1549,1
1550,1
1551,1
1552,1
1553,0
1554,0
1555,0
1556,0
1557,1
1558,0
1559,0
1560,0
1561,1
1562,0
1563,1
1564,1
1565,1
1566,0
1567,0
1568,1
1569,0
1570,0
1571,0
1572,0
1573,1
1574,1
1575,1
1576,1
1577,0
1578,1
1579,0
1580,0
1581,0
1582,1
1583,0
1584,1
1585,0
1586,0
1587,1
1588,0
1589,1
1590,0
1591,0
1592,1
1593,0
1594,0
1595,0
1596,0
1597,1
1598,1
1599,0
1600,0
1601,0
1602,1
1603,0
1604,0
1605,1
1606,1
1607,1
1608,1
1609,1
1610,0
1611,0
1612,0
1613,0
1614,0
1615,0
1616,0
1617,1
1618,0
1619,0
1620,1
1621,0
1622,1
1623,1
1624,0
1625,0
1626,1
1627,1
1628,0
1629,0
1630,1
1631,1
1632,1
1633,1
1634,1
1635,1
1636,0
1637,0
1638,0
1639,1
1640,0
1641,0
1642,0
1643,0
1644,0
1645,1
1646,0
1647,1
1648,0
1649,1
1650,0
1651,1
1652,1
1653,1
1654,0
1655,0
1656,1
1657,1
1658,0
1659,1
1660,1
1661,1
1662,1
1663,0
1664,1
1665,0
1666,1
1667,1
1668,1
1669,1
1670,0
1671,0
1672,0
1673,1
1674,1
1675,0
1676,0
1677,1
1678,1
1679,1
1680,0
1681,1
1682,0
1683,1
1684,0
1685,0
1686,1
1687,1
1688,1
1689,0
1690,0
1691,1
1692,1
1693,1
1694,0
1695,0
1696,0
1697,0
1698,0
1699,1
1700,0
1701,1
1702,1
1703,1
1704,0
1705,0
1706,1
1707,1
1708,0
1709,0
1710,1
1711,1
1712,0
1713,1
1714,1
1715,0
1716,0
1717,1
1718,1
1719,0
1720,0
1721,0
1722,1
1723,1
1724,0
1725,1
1726,0
1727,0
1728,1
1729,0
1730,0
1731,1
1732,0
1733,1
1734,1
1735,1
1736,1
1737,0
1738,1
1739,1
1740,1
1741,0
1742,1
1743,1
1744,0
1745,0
1746,0
1747,0
1748,0
1749,1
1750,1
1751,0
1752,0
1753,1
1754,1
1755,1
1756,0
1757,1
1758,1
1759,1
1760,1
1761,0
1762,0
1763,0
1764,1
1765,1
1766,1
1767,0
1768,1
1769,1
1770,1
1771,0
1772,0
1773,1
1774,0
1775,0
1776,1
1777,0
1778,0
1779,1
1780,1
1781,0
1782,1
1783,0
1784,1
1785,1
1786,0
1787,0
1788,0
1789,1
1790,1
1791,1
1792,1
1793,0
1794,0
1795,1
1796,1
1797,0
1798,1
1799,1
1800,0
1801,1
1802,0
1803,1
1804,1
1805,0
1806,0
1807,0
1808,1
1809,1
1810,1
1811,0
1812,0
1813,1
1814,1
1815,0
1816,1
1817,0
1818,1
1819,1
1820,1
1821,1
1822,1
1823,0
1824,1
1825,1
1826,0
1827,1
1828,1
1829,1
1830,1
1831,0
1832,1
1833,1
1834,1
1835,0
1836,0
1837,1
1838,0
1839,0
1840,0
1841,0
1842,0
1843,0
1844,0
1845,1
1846,0
1847,0
1848,1
1849,1
1850,1
1851,1
1852,1
1853,0
1854,0
1855,0
1856,1
1857,0
1858,1
1859,1
1860,0
1861,1
1862,1
1863,0
1864,0
1865,1
1866,0
1867,1
1868,0
1869,0
1870,0
1871,1
1872,1
1873,0
1874,0
1875,0
1876,1
1877,1
1878,0
1879,0
1880,0
1881,0
1882,1
1883,0
1884,1
1885,1
1886,1
1887,0
1888,1
1889,1
1890,0
1891,1
1892,0
1893,1
1894,0
1895,1
1896,1
1897,1
1898,0
1899,1
1900,1
1901,1
1902,1
1903,0
1904,1
1905,0
1906,0
1907,1
1908,1
1909,0
1910,0
1911,1
1912,1
1913,1
1914,1
1915,0
1916,1
1917,0
1918,1
1919,1
1920,1
1921,1
1922,0
1923,1
1924,0
1925,1
1926,0
1927,0
1928,0
1929,1
1930,0
1931,0
1932,1
1933,0
1934,1
1935,1
1936,1
1937,0
1938,1
1939,0
1940,0
1941,0
1942,1
1943,1
1944,0
1945,0
1946,1
1947,0
1948,1
1949,1
1950,1
1951,1
1952,1
1953,1
1954,0
1955,0
1956,0
1957,0
1958,1
1959,1
1960,1
1961,1
1962,1
1963,0
1964,0
1965,0
1966,1
1967,0
1968,0
1969,0
1970,1
1971,0
1972,0
1973,0
1974,0
1975,1
1976,1
1977,1
1978,0
1979,0
1980,1
1981,1
1982,0
1983,0
1984,1
1985,0
1986,0
1987,0
1988,0
1989,1
1990,1
1991,1
1992,0
1993,0
1994,1
1995,1
1996,0
1997,0
1998,0
1999,0
2000,0
2001,1
2002,1
2003,1
2004,0
2005,0
2006,0
2007,0
2008,1
2009,1
2010,0
2011,0
2012,1
2013,0
2014,0
2015,0
2016,1
2017,0
2018,0
2019,0
2020,1
2021,0
2022,1
2023,1
2024,0
2025,1
2026,1
2027,0
2028,1
2029,0
2030,0
2031,0
2032,1
2033,1
2034,1
2035,1
2036,1
2037,0
2038,0
2039,0
2040,1
2041,1
2042,0
2043,0
2044,1
2045,0
2046,0
2047,1
2048,0
2049,1
2050,1
2051,1
2052,0
2053,0
2054,1
2055,0
2056,1
2057,1
2058,1
2059,0
2060,0
2061,1
2062,1
2063,1
2064,1
2065,1
2066,0
2067,1
2068,1
2069,1
2070,0
2071,0
2072,1
2073,0
2074,0
2075,1
2076,1
2077,1
2078,1
2079,0
2080,0
2081,0
2082,0
2083,1
2084,1
2085,1
2086,1
2087,0
2088,0
2089,0
2090,0
2091,1
2092,0
2093,1
2094,1
2095,1
2096,0
2097,0
2098,0
2099,1
2100,0
2101,0
2102,1
2103,1
2104,0
2105,0
2106,0
2107,1
2108,1
2109,0
2110,0
2111,1
2112,0
2113,1
2114,0
2115,1
2116,0
2117,1
2118,0
2119,0
2120,0
2121,0
2122,1
2123,1
2124,0
2125,1
2126,1
2127,0
2128,0
2129,0
2130,1
2131,1
2132,0
2133,1
2134,1
2135,0
2136,0
2137,1
2138,1
2139,1
2140,1
2141,0
2142,1
2143,0
2144,1
2145,0
2146,1
2147,0
2148,1
2149,0
2150,0
2151,1
2152,0
2153,1
2154,1
2155,0
2156,0
2157,1
2158,1
2159,0
2160,1
2161,1
2162,1
2163,0
2164,1
2165,1
2166,0
2167,1
2168,1
2169,0
2170,0
2171,0
2172,1
2173,1
2174,1
2175,1
2176,1
2177,0
2178,0
2179,1
2180,1
2181,0
2182,0
2183,0
2184,1
2185,1
2186,1
2187,0
2188,0
2189,1
2190,1
2191,0
2192,1
2193,0
2194,1
2195,1
2196,1
2197,0
2198,0
2199,0
2200,0
2201,1
2202,1
2203,1
2204,1
2205,0
2206,1
2207,0
2208,0
2209,0
2210,1
2211,0
2212,0
2213,0
2214,0
2215,0
2216,1
2217,0
2218,0
2219,1
2220,1
2221,0
2222,1
2223,1
2224,0
2225,1
2226,0
2227,1
2228,0
2229,1
2230,1
2231,0
2232,0
2233,1
2234,0
2235,1
2236,0
2237,0
2238,0
2239,1
2240,0
2241,0
2242,1
2243,0
2244,0
2245,1
2246,0
2247,1
2248,0
2249,0
2250,0
2251,1
2252,1
2253,1
2254,1
2255,0
2256,1
2257,0
2258,0
2259,0
2260,0
2261,0
2262,0
2263,1
2264,1
2265,1
2266,1
2267,0
2268,1
2269,1
2270,0
2271,0
2272,1
2273,1
2274,1
2275,0
2276,0
2277,1
2278,1
2279,1
2280,1
2281,0
2282,0
2283,1
2284,0
2285,0
2286,0
2287,1
2288,0
2289,0
2290,1
2291,0
2292,1
2293,0
2294,0
2295,0
2296,0
2297,0
2298,0
2299,0
2300,0
2301,0
2302,0
2303,1
2304,1
2305,1
2306,0
2307,0
2308,0
2309,1
2310,1
2311,0
2312,0
2313,0
2314,1
2315,0
2316,0
2317,0
2318,0
2319,1
2320,0
2321,1
2322,0
2323,1
2324,0
2325,0
2326,1
2327,1
2328,1
2329,0
2330,0
2331,1
2332,0
2333,0
2334,0
2335,1
2336,1
2337,1
2338,0
2339,1
2340,1
2341,1
2342,0
2343,1
2344,1
2345,1
2346,1
2347,0
2348,1
2349,0
2350,1
2351,0
2352,0
2353,0
2354,1
2355,1
2356,0
2357,0
2358,0
2359,0
2360,1
2361,0
2362,1
2363,1
2364,1
2365,1
2366,1
2367,1
2368,1
2369,0
2370,0
2371,1
2372,1
2373,0
2374,0
2375,1
2376,0
2377,0
2378,1
2379,1
2380,0
2381,0
2382,1
2383,1
2384,0
2385,1
2386,1
2387,1
2388,0
2389,1
2390,1
2391,1
2392,1
2393,1
2394,0
2395,1
2396,1
2397,0
2398,0
2399,0
2400,0
2401,0
2402,1
2403,0
2404,0
2405,0
2406,0
2407,1
2408,0
2409,1
2410,1
2411,0
2412,0
2413,1
2414,1
2415,1
2416,0
2417,0
2418,0
2419,0
2420,0
2421,1
2422,0
2423,1
2424,1
2425,1
2426,0
2427,0
2428,1
2429,0
2430,1
2431,0
2432,1
2433,0
2434,0
2435,1
2436,1
2437,0
2438,1
2439,0
2440,0
2441,1
2442,0
2443,0
2444,0
2445,1
2446,1
2447,0
2448,0
2449,0
2450,0
2451,0
2452,1
2453,1
2454,1
2455,0
2456,0
2457,1
2458,1
2459,0
2460,1
2461,0
2462,0
2463,1
2464,1
2465,0
2466,1
2467,1
2468,0
2469,1
2470,0
2471,0
2472,1
2473,1
2474,0
2475,1
2476,0
2477,0
2478,1
2479,0
2480,1
2481,0
2482,1
2483,1
2484,1
2485,1
2486,1
2487,0
2488,0
2489,1
2490,0
2491,0
2492,1
2493,0
2494,0
2495,0
2496,0
2497,1
2498,1
2499,0
2500,1
2501,1
2502,1
2503,1
2504,1
2505,0
2506,0
2507,1
2508,0
2509,0
2510,0
2511,1
2512,0
2513,1
2514,0
2515,1
2516,1
2517,1
2518,0
2519,1
2520,1
2521,1
2522,0
2523,0
2524,0
2525,0
2526,0
2527,1
2528,1
2529,0
2530,1
2531,0
2532,1
2533,0
2534,0
2535,1
2536,0
2537,0
2538,0
2539,1
2540,1
2541,0
2542,1
2543,0
2544,0
2545,0
2546,0
2547,1
2548,0
2549,1
2550,1
2551,0
2552,0
2553,1
2554,0
2555,0
2556,1
2557,0
2558,0
2559,1
2560,1
2561,0
2562,1
2563,0
2564,0
2565,0
2566,0
2567,0
2568,0
2569,0
2570,0
2571,0
2572,1
2573,0
2574,0
2575,0
2576,1
2577,1
2578,1
2579,0
2580,0
2581,1
2582,0
2583,1
2584,0
2585,0
2586,1
2587,1
2588,0
2589,0
2590,0
2591,1
2592,1
2593,1
2594,1
2595,0
2596,0
2597,0
2598,1
2599,0
2600,0
2601,1
2602,0
2603,0
2604,0
2605,1
2606,1
2607,1
2608,0
2609,1
2610,1
2611,1
2612,0
2613,1
2614,1
2615,0
2616,0
2617,1
2618,0
2619,1
2620,0
2621,0
2622,1
2623,0
2624,0
2625,1
2626,1
2627,1
2628,1
2629,0
2630,0
2631,1
2632,0
2633,1
2634,0
2635,0
2636,1
2637,1
2638,1
2639,1
2640,0
2641,1
2642,1
2643,1
2644,0
2645,0
2646,1
2647,1
2648,0
2649,0
2650,1
2651,0
2652,1
2653,1
2654,0
2655,1
2656,1
2657,1
2658,1
2659,1
2660,0
2661,0
2662,1
2663,1
2664,0
2665,0
2666,0
2667,0
2668,1
2669,0
2670,1
2671,1
2672,0
2673,1
2674,1
2675,1
2676,1
2677,0
2678,1
2679,0
2680,1
2681,1
2682,1
2683,0
2684,0
2685,0
2686,0
2687,1
2688,0
2689,0
2690,1
2691,0
2692,0
2693,1
2694,1
2695,0
2696,0
2697,1
2698,1
2699,1
2700,0
2701,0
2702,1
2703,1
2704,1
2705,0
2706,1
2707,1
2708,1
2709,1
2710,1
2711,1
2712,0
2713,1
2714,1
2715,1
2716,0
2717,1
2718,0
2719,1
2720,1
2721,0
2722,0
2723,1
2724,1
2725,1
2726,1
2727,1
2728,0
2729,1
2730,1
2731,1
2732,1
2733,1
2734,0
2735,1
2736,0
2737,0
2738,1
2739,0
2740,1
2741,1
2742,0
2743,1
2744,0
2745,1
2746,0
2747,1
2748,1
2749,0
2750,0
2751,1
2752,1
2753,1
2754,0
2755,1
2756,0
2757,1
2758,1
2759,1
2760,0
2761,1
2762,0
2763,1
2764,0
2765,1
2766,1
2767,1
2768,0
2769,1
2770,0
2771,0
2772,1
2773,1
2774,1
2775,0
2776,0
2777,0
2778,0
2779,0
2780,0
2781,1
2782,0
2783,0
2784,0
2785,1
2786,0
2787,1
2788,0
2789,1
2790,1
2791,0
2792,0
2793,0
2794,1
2795,0
2796,1
2797,1
2798,0
2799,0
2800,0
2801,0
2802,0
2803,0
2804,0
2805,0
2806,1
2807,1
2808,1
2809,0
2810,1
2811,1
2812,1
2813,0
2814,1
2815,0
2816,0
2817,0
2818,0
2819,0
2820,1
2821,0
2822,1
2823,0
2824,0
2825,0
2826,1
2827,0
2828,0
2829,0
2830,0
2831,1
2832,1
2833,1
2834,1
2835,0
2836,1
2837,0
2838,1
2839,1
2840,0
2841,0
2842,1
2843,0
2844,0
2845,1
2846,0
2847,0
2848,1
2849,0
2850,1
2851,0
2852,0
2853,0
2854,1
2855,1
2856,0
2857,1
2858,1
2859,0
2860,0
2861,1
2862,1
2863,1
2864,0
2865,0
2866,0
2867,1
2868,0
2869,1
2870,1
2871,0
2872,0
2873,1
2874,1
2875,1
2876,1
2877,0
2878,0
2879,0
2880,1
2881,0
2882,0
2883,1
2884,1
2885,0
2886,0
2887,1
2888,1
2889,0
2890,0
2891,1
2892,1
2893,1
2894,0
2895,1
2896,0
2897,1
2898,1
2899,1
2900,0
2901,0
2902,0
2903,1
2904,1
2905,1
2906,1
2907,1
2908,1
2909,0
2910,0
2911,0
2912,0
2913,1
2914,0
2915,1
2916,0
2917,1
2918,1
2919,1
2920,1
2921,0
2922,1
2923,0
2924,0
2925,1
2926,1
2927,0
2928,1
2929,0
2930,0
2931,0
2932,0
2933,0
2934,0
2935,1
2936,0
2937,0
2938,1
2939,1
2940,0
2941,1
2942,0
2943,1
2944,1
2945,1
2946,1
2947,1
2948,1
2949,0
2950,0
2951,1
2952,1
2953,0
2954,1
2955,0
2956,0
2957,1
2958,0
2959,1
2960,1
2961,1
2962,0
2963,0
2964,0
2965,1
2966,1
2967,0
2968,0
2969,0
2970,0
2971,0
2972,1
2973,1
2974,1
2975,0
2976,0
2977,0
2978,0
2979,0
2980,0
2981,0
2982,0
2983,0
2984,0
2985,1
2986,0
2987,1
2988,1
2989,0
2990,0
2991,0
2992,0
2993,0
2994,1
2995,1
2996,0
2997,0
2998,1
2999,1
3000,1
3001,0
3002,0
3003,1
3004,1
3005,0
3006,0
3007,0
3008,0
3009,0
3010,1
3011,1
3012,0
3013,0
3014,1
3015,1
3016,0
3017,0
3018,1
3019,1
3020,1
3021,1
3022,0
3023,0
3024,0
3025,0
3026,0
3027,0
3028,0
3029,0
3030,0
3031,1
3032,0
3033,0
3034,0
3035,0
3036,1
3037,0
3038,0
3039,1
3040,0
3041,1
3042,1
3043,0
3044,0
3045,0
3046,1
3047,1
3048,0
3049,0
3050,0
3051,0
3052,1
3053,1
3054,0
3055,1
3056,0
3057,1
3058,1
3059,0
3060,1
3061,0
3062,1
3063,1
3064,1
3065,0
3066,0
3067,1
3068,1
3069,0
3070,1
3071,0
3072,1
3073,1
3074,1
3075,0
3076,1
3077,1
3078,0
3079,0
3080,0
3081,1
3082,0
3083,0
3084,1
3085,1
3086,1
3087,0
3088,1
3089,1
3090,0
3091,0
3092,0
3093,0
3094,0
3095,0
3096,1
3097,1
3098,0
3099,0
3100,0
3101,0
3102,0
3103,1
3104,0
3105,0
3106,1
3107,0
3108,0
3109,1
3110,1
3111,1
3112,1
3113,0
3114,1
3115,0
3116,0
3117,1
3118,0
3119,0
3120,1
3121,1
3122,1
3123,1
3124,1
3125,0
3126,1
3127,1
3128,1
3129,1
3130,1
3131,0
3132,1
3133,0
3134,1
3135,1
3136,1
3137,0
3138,1
3139,0
3140,0
3141,0
3142,0
3143,0
3144,0
3145,1
3146,0
3147,1
3148,0
3149,1
3150,1
3151,1
3152,0
3153,1
3154,0
3155,1
3156,1
3157,1
3158,1
3159,1
3160,0
3161,1
3162,0
3163,0
3164,1
3165,0
3166,0
3167,1
3168,0
3169,1
3170,0
3171,1
3172,0
3173,1
3174,1
3175,1
3176,0
3177,0
3178,0
3179,0
3180,0
3181,1
3182,1
3183,0
3184,0
3185,1
3186,1
3187,1
3188,1
3189,1
3190,0
3191,1
3192,1
3193,0
3194,1
3195,1
3196,1
3197,0
3198,1
3199,1
3200,0
3201,1
3202,1
3203,1
3204,1
3205,0
3206,0
3207,1
3208,0
3209,0
3210,0
3211,1
3212,0
3213,1
3214,0
3215,0
3216,1
3217,0
3218,1
3219,1
3220,1
3221,1
3222,0
3223,0
3224,0
3225,0
3226,1
3227,0
3228,1
3229,1
3230,0
3231,0
3232,0
3233,1
3234,0
3235,1
3236,1
3237,0
3238,1
3239,1
3240,0
3241,0
3242,0
3243,1
3244,0
3245,1
3246,0
3247,1
3248,0
3249,1
3250,1
3251,1
3252,0
3253,1
3254,1
3255,0
3256,1
3257,1
3258,1
3259,0
3260,1
3261,0
3262,1
3263,1
3264,0
3265,0
3266,1
3267,0
3268,1
3269,0
3270,1
3271,0
3272,0
3273,1
3274,1
3275,1
3276,0
3277,1
3278,1
3279,0
3280,1
3281,0
3282,1
3283,0
3284,1
3285,1
3286,0
3287,0
3288,1
3289,1
3290,0
3291,1
3292,1
3293,1
3294,0
3295,1
3296,1
3297,0
3298,1
3299,1
3300,0
3301,0
3302,0
3303,1
3304,0
3305,0
3306,0
3307,1
3308,1
3309,0
3310,1
3311,1
3312,1
3313,1
3314,1
3315,0
3316,0
3317,1
3318,1
3319,1
3320,0
3321,1
3322,0
3323,0
3324,1
3325,1
3326,0
3327,0
3328,1
3329,1
3330,0
3331,1
3332,1
3333,0
3334,0
3335,0
3336,0
3337,0
3338,1
3339,1
3340,0
3341,1
3342,0
3343,0
3344,1
3345,0
3346,0
3347,0
3348,0
3349,1
3350,1
3351,0
3352,1
3353,0
3354,0
3355,0
3356,0
3357,0
3358,0
3359,1
3360,0
3361,1
3362,0
3363,1
3364,0
3365,0
3366,0
3367,1
3368,0
3369,1
3370,1
3371,0
3372,1
3373,1
3374,1
3375,1
3376,0
3377,0
3378,1
3379,0
3380,0
3381,1
3382,0
3383,1
3384,0
3385,1
3386,0
3387,1
3388,0
3389,0
3390,1
3391,0
3392,1
3393,0
3394,1
3395,1
3396,1
3397,0
3398,1
3399,0
3400,1
3401,1
3402,0
3403,0
3404,0
3405,1
3406,1
3407,1
3408,0
3409,0
3410,1
3411,1
3412,0
3413,0
3414,1
3415,0
3416,1
3417,1
3418,0
3419,1
3420,1
3421,0
3422,0
3423,1
3424,0
3425,1
3426,0
3427,0
3428,0
3429,0
3430,1
3431,1
3432,0
3433,1
3434,1
3435,1
3436,0
3437,1
3438,1
3439,0
3440,0
3441,1
3442,0
3443,1
3444,0
3445,1
3446,0
3447,0
3448,0
3449,1
3450,0
3451,1
3452,0
3453,0
3454,1
3455,1
3456,0
3457,0
3458,0
3459,1
3460,1
3461,0
3462,0
3463,1
3464,1
3465,0
3466,1
3467,1
3468,1
3469,1
3470,1
3471,1
3472,0
3473,0
3474,1
3475,1
3476,1
3477,0
3478,1
3479,1
3480,1
3481,1
3482,1
3483,1
3484,1
3485,1
3486,0
3487,1
3488,0
3489,0
3490,0
3491,0
3492,1
3493,1
3494,0
3495,0
3496,0
3497,1
3498,0
3499,1
3500,0
3501,1
3502,1
3503,0
3504,1
3505,0
3506,0
3507,0
3508,1
3509,1
3510,1
3511,1
3512,0
3513,0
3514,1
3515,0
3516,0
3517,1
3518,0
3519,0
3520,1
3521,0
3522,1
3523,1
3524,1
3525,1
3526,0
3527,0
3528,0
3529,0
3530,1
3531,1
3532,0
3533,1
3534,0
3535,0
3536,1
3537,1
3538,0
3539,0
3540,0
3541,0
3542,1
3543,0
3544,0
3545,1
3546,0
3547,1
3548,1
3549,0
3550,0
3551,0
3552,0
3553,0
3554,0
3555,0
3556,0
3557,0
3558,0
3559,0
3560,1
3561,0
3562,1
3563,1
3564,1
3565,0
3566,0
3567,0
3568,0
3569,0
3570,0
3571,1
3572,0
3573,1
3574,1
3575,1
3576,0
3577,1
3578,1
3579,1
3580,1
3581,1
3582,1
3583,1
3584,0
3585,0
3586,1
3587,0
3588,1
3589,0
3590,1
3591,1
3592,1
3593,0
3594,0
3595,1
3596,1
3597,1
3598,1
3599,0
3600,1
3601,1
3602,0
3603,1
3604,0
3605,0
3606,0
3607,1
3608,1
3609,1
3610,1
3611,1
3612,1
3613,1
3614,0
3615,0
3616,1
3617,0
3618,1
3619,0
3620,0
3621,0
3622,0
3623,1
3624,0
3625,0
3626,0
3627,0
3628,0
3629,0
3630,1
3631,1
3632,0
3633,1
3634,1
3635,0
3636,1
3637,0
3638,1
3639,1
3640,1
3641,0
3642,0
3643,0
3644,0
3645,0
3646,1
3647,0
3648,0
3649,1
3650,1
3651,1
3652,0
3653,1
3654,1
3655,1
3656,1
3657,0
3658,1
3659,1
3660,0
3661,1
3662,1
3663,0
3664,1
3665,1
3666,0
3667,1
3668,1
3669,1
3670,1
3671,1
3672,1
3673,0
3674,1
3675,1
3676,0
3677,1
3678,0
3679,0
3680,0
3681,1
3682,0
3683,1
3684,0
3685,1
3686,0
3687,0
3688,0
3689,1
3690,0
3691,0
3692,0
3693,1
3694,0
3695,1
3696,0
3697,1
3698,1
3699,0
3700,0
3701,1
3702,0
3703,1
3704,0
3705,1
3706,0
3707,1
3708,0
3709,0
3710,0
3711,1
3712,1
3713,0
3714,1
3715,1
3716,0
3717,0
3718,1
3719,0
3720,0
3721,1
3722,1
3723,1
3724,1
3725,0
3726,1
3727,0
3728,1
3729,1
3730,0
3731,0
3732,1
3733,0
3734,0
3735,0
3736,0
3737,0
3738,1
3739,1
3740,0
3741,0
3742,1
3743,1
3744,1
3745,1
3746,0
3747,1
3748,1
3749,0
3750,0
3751,1
3752,1
3753,1
3754,0
3755,0
3756,1
3757,1
3758,0
3759,0
3760,1
3761,0
3762,1
3763,0
3764,1
3765,0
3766,1
3767,0
3768,1
3769,0
3770,0
3771,1
3772,1
3773,1
3774,1
3775,1
3776,0
3777,0
3778,0
3779,0
3780,1
3781,1
3782,1
3783,0
3784,1
3785,1
3786,1
3787,1
3788,1
3789,1
3790,1
3791,0
3792,0
3793,0
3794,0
3795,0
3796,1
3797,1
3798,0
3799,1
3800,1
3801,1
3802,1
3803,0
3804,1
3805,0
3806,1
3807,1
3808,0
3809,1
3810,1
3811,1
3812,1
3813,1
3814,0
3815,1
3816,1
3817,1
3818,1
3819,1
3820,0
3821,1
3822,0
3823,0
3824,1
3825,1
3826,1
3827,1
3828,1
3829,1
3830,1
3831,1
3832,1
3833,0
3834,1
3835,1
3836,1
3837,0
3838,1
3839,0
3840,0
3841,0
3842,1
3843,0
3844,0
3845,1
3846,1
3847,0
3848,0
3849,1
3850,1
3851,1
3852,1
3853,0
3854,0
3855,0
3856,1
3857,0
3858,1
3859,0
3860,0
3861,0
3862,0
3863,1
3864,0
3865,1
3866,1
3867,1
3868,1
3869,1
3870,1
3871,0
3872,1
3873,1
3874,0
3875,1
3876,1
3877,1
3878,0
3879,1
3880,1
3881,0
3882,0
3883,0
3884,0
3885,1
3886,1
3887,0
3888,1
3889,0
3890,1
3891,1
3892,0
3893,1
3894,0
3895,1
3896,0
3897,1
3898,0
3899,0
3900,0
3901,0
3902,0
3903,0
3904,1
3905,1
3906,0
3907,1
3908,0
3909,1
3910,1
3911,1
3912,0
3913,1
3914,1
3915,0
3916,0
3917,1
3918,0
3919,1
3920,0
3921,0
3922,1
3923,1
3924,0
3925,1
3926,1
3927,0
3928,0
3929,1
3930,0
3931,1
3932,0
3933,0
3934,0
3935,0
3936,0
3937,0
3938,1
3939,1
3940,1
3941,0
3942,1
3943,0
3944,0
3945,0
3946,1
3947,0
3948,1
3949,0
3950,0
3951,0
3952,0
3953,1
3954,1
3955,0
3956,1
3957,0
3958,0
3959,1
3960,1
3961,1
3962,1
3963,0
3964,0
3965,0
3966,1
3967,1
3968,1
3969,0
3970,0
3971,0
3972,0
3973,0
3974,0
3975,1
3976,1
3977,0
3978,1
3979,0
3980,1
3981,1
3982,1
3983,0
3984,1
3985,0
3986,1
3987,0
3988,0
3989,0
3990,1
3991,0
3992,1
3993,0
3994,1
3995,0
3996,0
3997,0
3998,0
3999,1
4000,0
4001,0
4002,1
4003,1
4004,1
4005,0
4006,1
4007,1
4008,0
4009,0
4010,0
4011,0
4012,0
4013,0
4014,0
4015,1
4016,0
4017,1
4018,1
4019,1
4020,1
4021,1
4022,1
4023,1
4024,1
4025,1
4026,1
4027,1
4028,0
4029,0
4030,0
4031,1
4032,0
4033,0
4034,1
4035,0
4036,1
4037,1
4038,0
4039,1
4040,0
4041,1
4042,0
4043,1
4044,1
4045,0
4046,1
4047,0
4048,0
4049,1
4050,1
4051,1
4052,0
4053,1
4054,1
4055,1
4056,1
4057,0
4058,1
4059,1
4060,1
4061,0
4062,1
4063,1
4064,0
4065,0
4066,0
4067,0
4068,0
4069,0
4070,0
4071,1
4072,1
4073,1
4074,0
4075,1
4076,0
4077,1
4078,1
4079,0
4080,1
4081,0
4082,1
4083,0
4084,1
4085,1
4086,1
4087,1
4088,0
4089,0
4090,1
4091,0
4092,1
4093,1
4094,1
4095,0
4096,0
4097,1
4098,1
4099,1
4100,0
4101,1
4102,0
4103,1
4104,0
4105,0
4106,0
4107,1
4108,1
4109,0
4110,1
4111,0
4112,1
4113,1
4114,1
4115,1
4116,0
4117,0
4118,1
4119,0
4120,0
4121,1
4122,1
4123,1
4124,1
4125,0
4126,1
4127,1
4128,1
4129,0
4130,0
4131,0
4132,1
4133,1
4134,0
4135,0
4136,0
4137,0
4138,0
4139,0
4140,1
4141,0
4142,1
4143,0
4144,1
4145,0
4146,0
4147,1
4148,1
4149,1
4150,1
4151,0
4152,1
4153,1
4154,0
4155,0
4156,0
4157,0
4158,0
4159,1
4160,0
4161,1
4162,1
4163,1
4164,0
4165,1
4166,0
4167,0
4168,0
4169,0
4170,1
4171,0
4172,1
4173,0
4174,0
4175,1
4176,1
4177,0
4178,1
4179,1
4180,1
4181,0
4182,0
4183,0
4184,1
4185,0
4186,0
4187,1
4188,0
4189,0
4190,1
4191,1
4192,1
4193,0
4194,0
4195,1
4196,0
4197,1
4198,1
4199,0
4200,0
4201,1
4202,1
4203,0
4204,0
4205,0
4206,1
4207,1
4208,1
4209,1
4210,1
4211,1
4212,0
4213,0
4214,1
4215,1
4216,0
4217,1
4218,1
4219,1
4220,0
4221,0
4222,1
4223,1
4224,1
4225,1
4226,1
4227,1
4228,0
4229,0
4230,0
4231,0
4232,0
4233,0
4234,1
4235,1
4236,0
4237,0
4238,1
4239,0
4240,1
4241,0
4242,1
4243,1
4244,1
4245,1
4246,1
4247,1
4248,1
4249,0
4250,0
4251,1
4252,0
4253,1
4254,0
4255,1
4256,0
4257,0
4258,0
4259,1
4260,0
4261,0
4262,1
4263,0
4264,0
4265,1
4266,1
4267,0
4268,1
4269,1
4270,0
4271,0
4272,0
4273,0
4274,0
4275,1
4276,0
4277,1
4278,1
4279,0
4280,0
4281,1
4282,0
4283,0
4284,0
4285,0
4286,1
4287,0
4288,0
4289,0
4290,0
4291,0
4292,1
4293,1
4294,0
4295,1
4296,1
4297,1
4298,0
4299,0
4300,1
4301,0
4302,0
4303,0
4304,1
4305,1
4306,0
4307,0
4308,1
4309,1
4310,1
4311,1
4312,1
4313,0
4314,1
4315,1
4316,1
4317,0
4318,1
4319,0
4320,1
4321,1
4322,0
4323,0
4324,1
4325,1
4326,0
4327,0
4328,0
4329,1
4330,1
4331,0
4332,0
4333,0
4334,0
4335,1
4336,1
4337,0
4338,0
4339,0
4340,0
4341,1
4342,0
4343,1
4344,0
4345,1
4346,1
4347,1
4348,1
4349,0
4350,0
4351,0
4352,0
4353,1
4354,1
4355,0
4356,0
4357,1
4358,0
4359,0
4360,1
4361,1
4362,0
4363,0
4364,1
4365,0
4366,0
4367,0
4368,1
4369,0
4370,0
4371,0
4372,0
4373,1
4374,0
4375,1
4376,1
4377,1
4378,1
4379,1
4380,0
4381,0
4382,0
4383,1
4384,1
4385,1
4386,1
4387,1
4388,0
4389,0
4390,1
4391,0
4392,0
4393,0
4394,0
4395,1
4396,1
4397,1
4398,1
4399,1
4400,1
4401,1
4402,0
4403,0
4404,1
4405,0
4406,0
4407,0
4408,1
4409,0
4410,1
4411,1
4412,1
4413,1
4414,0
4415,1
4416,0
4417,1
4418,0
4419,0
4420,0
4421,1
4422,1
4423,0
4424,1
4425,1
4426,0
4427,0
4428,1
4429,0
4430,0
4431,0
4432,1
4433,1
4434,0
4435,0
4436,1
4437,1
4438,1
4439,0
4440,1
4441,1
4442,1
4443,1
4444,1
4445,0
4446,1
4447,1
4448,1
4449,0
4450,0
4451,1
4452,0
4453,1
4454,0
4455,1
4456,1
4457,1
4458,1
4459,0
4460,0
4461,1
4462,1
4463,0
4464,1
4465,1
4466,0
4467,0
4468,1
4469,1
4470,0
4471,1
4472,1
4473,0
4474,0
4475,0
4476,0
4477,1
4478,0
4479,1
4480,0
4481,0
4482,0
4483,1
4484,0
4485,0
4486,1
4487,1
4488,1
4489,1
4490,0
4491,1
4492,0
4493,0
4494,0
4495,0
4496,0
4497,1
4498,1
4499,1
4500,0
4501,0
4502,0
4503,1
4504,1
4505,0
4506,0
4507,0
4508,0
4509,1
4510,1
4511,0
4512,1
4513,1
4514,0
4515,1
4516,0
4517,1
4518,0
4519,0
4520,0
4521,0
4522,1
4523,1
4524,1
4525,0
4526,1
4527,0
4528,0
4529,1
4530,0
4531,1
4532,1
4533,0
4534,1
4535,0
4536,1
4537,0
4538,0
4539,0
4540,0
4541,0
4542,1
4543,1
4544,1
4545,1
4546,0
4547,0
4548,1
4549,1
4550,0
4551,0
4552,1
4553,1
4554,1
4555,1
4556,0
4557,1
4558,1
4559,0
4560,1
4561,0
4562,1
4563,0
4564,0
4565,1
4566,0
4567,1
4568,1
4569,1
4570,0
4571,0
4572,0
4573,1
4574,1
4575,0
4576,1
4577,1
4578,0
4579,0
4580,0
4581,0
4582,0
4583,1
4584,0
4585,1
4586,0
4587,1
4588,0
4589,0
4590,1
4591,0
4592,0
4593,1
4594,1
4595,0
4596,0
4597,0
4598,1
4599,0
4600,0
4601,1
4602,1
4603,0
4604,0
4605,0
4606,1
4607,1
4608,1
4609,0
4610,1
4611,0
4612,0
4613,1
4614,0
4615,1
4616,1
4617,1
4618,1
4619,0
4620,0
4621,1
4622,1
4623,1
4624,0
4625,0
4626,1
4627,0
4628,1
4629,0
4630,0
4631,0
4632,1
4633,0
4634,0
4635,1
4636,0
4637,0
4638,1
4639,0
4640,1
4641,1
4642,1
4643,0
4644,1
4645,0
4646,0
4647,0
4648,1
4649,0
4650,0
4651,1
4652,1
4653,0
4654,1
4655,1
4656,1
4657,0
4658,0
4659,0
4660,0
4661,1
4662,0
4663,0
4664,1
4665,0
4666,0
4667,1
4668,1
4669,0
4670,1
4671,1
4672,1
4673,1
4674,0
4675,1
4676,0
4677,1
4678,1
4679,0
4680,0
4681,0
4682,1
4683,0
4684,1
4685,0
4686,0
4687,0
4688,1
4689,1
4690,0
4691,1
4692,0
4693,1
4694,0
4695,1
4696,0
4697,0
4698,0
4699,1
4700,0
4701,1
4702,0
4703,0
4704,1
4705,0
4706,1
4707,0
4708,0
4709,1
4710,1
4711,0
4712,0
4713,1
4714,1
4715,0
4716,0
4717,1
4718,1
4719,1
4720,0
4721,1
4722,1
4723,1
4724,0
4725,1
4726,1
4727,0
4728,0
4729,0
4730,1
4731,0
4732,1
4733,0
4734,0
4735,1
4736,0
4737,0
4738,0
4739,0
4740,1
4741,1
4742,0
4743,0
4744,1
4745,1
4746,0
4747,1
4748,0
4749,0
4750,0
4751,1
4752,0
4753,1
4754,0
4755,0
4756,1
4757,0
4758,0
4759,0
4760,0
4761,1
4762,1
4763,1
4764,0
4765,0
4766,0
4767,0
4768,0
4769,1
4770,1
4771,1
4772,1
4773,0
4774,0
4775,1
4776,1
4777,1
4778,1
4779,1
4780,0
4781,0
4782,1
4783,0
4784,0
4785,1
4786,1
4787,1
4788,0
4789,1
4790,1
4791,0
4792,1
4793,0
4794,1
4795,0
4796,0
4797,0
4798,1
4799,1
4800,1
4801,0
4802,0
4803,0
4804,1
4805,0
4806,0
4807,0
4808,1
4809,1
4810,0
4811,1
4812,0
4813,0
4814,0
4815,1
4816,1
4817,1
4818,1
4819,1
4820,0
4821,0
4822,1
4823,0
4824,0
4825,1
4826,1
4827,0
4828,1
4829,1
4830,0
4831,1
4832,1
4833,1
4834,0
4835,1
4836,1
4837,1
4838,1
4839,0
4840,0
4841,0
4842,0
4843,0
4844,0
4845,0
4846,1
4847,1
4848,0
4849,1
4850,1
4851,0
4852,1
4853,1
4854,1
4855,0
4856,0
4857,1
4858,1
4859,0
4860,0
4861,1
4862,1
4863,0
4864,1
4865,0
4866,0
4867,1
4868,1
4869,1
4870,1
4871,0
4872,0
4873,0
4874,0
4875,1
4876,1
4877,0
4878,0
4879,1
4880,1
4881,0
4882,1
4883,0
4884,1
4885,1
4886,0
4887,0
4888,0
4889,0
4890,0
4891,0
4892,1
4893,0
4894,1
4895,0
4896,1
4897,0
4898,0
4899,1
4900,1
4901,0
4902,0
4903,0
4904,0
4905,1
4906,1
4907,0
4908,0
4909,0
4910,0
4911,0
4912,1
4913,0
4914,1
4915,0
4916,1
4917,1
4918,1
4919,1
4920,1
4921,0
4922,1
4923,1
4924,0
4925,0
4926,0
4927,0
4928,0
4929,1
4930,1
4931,0
4932,1
4933,1
4934,0
4935,0
4936,1
4937,0
4938,1
4939,0
4940,0
4941,0
4942,0
4943,1
4944,0
4945,1
4946,1
4947,1
4948,0
4949,1
4950,0
4951,1
4952,1
4953,1
4954,0
4955,1
4956,1
4957,0
4958,1
4959,1
4960,1
4961,1
4962,1
4963,0
4964,1
4965,1
4966,1
4967,1
4968,1
4969,1
4970,1
4971,0
4972,1
4973,0
4974,0
4975,1
4976,1
4977,0
4978,1
4979,1
4980,0
4981,1
4982,0
4983,0
4984,0
4985,0
4986,0
4987,0
4988,1
4989,0
4990,1
4991,1
4992,1
4993,0
4994,0
4995,1
4996,1
4997,1
4998,0
4999,1
5000,1
5001,0
5002,0
5003,0
5004,1
5005,0
5006,0
5007,1
5008,0
5009,0
5010,1
5011,1
5012,1
5013,1
5014,0
5015,0
5016,1
5017,0
5018,0
5019,1
5020,1
5021,1
5022,1
5023,1
5024,0
5025,1
5026,1
5027,0
5028,0
5029,1
5030,0
5031,1
5032,1
5033,0
5034,1
5035,1
5036,0
5037,1
5038,1
5039,0
5040,1
5041,1
5042,0
5043,0
5044,1
5045,0
5046,0
5047,0
5048,1
5049,0
5050,1
5051,1
5052,0
5053,0
5054,1
5055,0
5056,0
5057,0
5058,0
5059,0
5060,0
5061,1
5062,0
5063,1
5064,0
5065,0
5066,1
5067,0
5068,1
5069,1
5070,0
5071,0
5072,0
5073,1
5074,1
5075,0
5076,1
5077,0
5078,1
5079,1
5080,1
5081,0
5082,1
5083,0
5084,1
5085,1
5086,1
5087,1
5088,0
5089,0
5090,0
5091,0
5092,1
5093,1
5094,0
5095,0
5096,1
5097,0
5098,0
5099,1
5100,1
5101,1
5102,1
5103,0
5104,1
5105,0
5106,1
5107,1
5108,1
5109,1
5110,0
5111,1
5112,1
5113,0
5114,0
5115,1
5116,0
5117,1
5118,0
5119,1
5120,1
5121,0
5122,1
5123,1
5124,1
5125,1
5126,0
5127,0
5128,1
5129,0
5130,0
5131,0
5132,1
5133,1
5134,1
5135,1
5136,1
5137,0
5138,1
5139,1
5140,1
5141,1
5142,0
5143,0
5144,0
5145,0
5146,0
5147,0
5148,0
5149,1
5150,0
5151,1
5152,0
5153,0
5154,0
5155,0
5156,0
5157,0
5158,0
5159,0
5160,1
5161,0
5162,0
5163,0
5164,0
5165,1
5166,0
5167,0
5168,0
5169,1
5170,0
5171,0
5172,1
5173,0
5174,1
5175,0
5176,1
5177,0
5178,1
5179,0
5180,0
5181,1
5182,0
5183,1
5184,1
5185,0
5186,0
5187,0
5188,0
5189,0
5190,0
5191,1
5192,0
5193,1
5194,1
5195,0
5196,0
5197,0
5198,1
5199,1
5200,1
5201,0
5202,1
5203,1
5204,0
5205,1
5206,0
5207,0
5208,0
5209,0
5210,1
5211,1
5212,0
5213,1
5214,0
5215,0
5216,0
5217,0
5218,0
5219,1
5220,0
5221,1
5222,1
5223,1
5224,1
5225,1
5226,0
5227,1
5228,1
5229,1
5230,0
5231,1
5232,1
5233,0
5234,0
5235,0
5236,0
5237,0
5238,1
5239,1
5240,1
5241,1
5242,1
5243,1
5244,0
5245,1
5246,1
5247,1
5248,1
5249,1
5250,0
5251,0
5252,1
5253,1
5254,1
5255,1
5256,1
5257,0
5258,0
5259,1
5260,1
5261,0
5262,0
5263,0
5264,1
5265,1
5266,0
5267,1
5268,0
5269,0
5270,1
5271,1
5272,1
5273,0
5274,1
5275,1
5276,0
5277,1
5278,0
5279,1
5280,1
5281,0
5282,0
5283,0
5284,0
5285,0
5286,0
5287,0
5288,0
5289,1
5290,0
5291,0
5292,1
5293,0
5294,0
5295,0
5296,1
5297,1
5298,0
5299,0
5300,1
5301,1
5302,1
5303,1
5304,1
5305,1
5306,1
5307,0
5308,1
5309,1
5310,1
5311,0
5312,1
5313,1
5314,1
5315,1
5316,1
5317,0
5318,1
5319,0
5320,1
5321,1
5322,1
5323,1
5324,1
5325,0
5326,0
5327,1
5328,1
5329,0
5330,0
5331,1
5332,0
5333,1
5334,0
5335,0
5336,1
5337,0
5338,0
5339,0
5340,1
5341,1
5342,1
5343,1
5344,1
5345,0
5346,1
5347,0
5348,1
5349,0
5350,1
5351,0
5352,0
5353,1
5354,1
5355,0
5356,0
5357,1
5358,0
5359,0
5360,1
5361,1
5362,0
5363,1
5364,0
5365,0
5366,0
5367,1
5368,0
5369,1
5370,1
5371,0
5372,1
5373,1
5374,1
5375,0
5376,0
5377,0
5378,0
5379,1
5380,1
5381,0
5382,0
5383,0
5384,1
5385,1
5386,1
5387,0
5388,1
5389,1
5390,1
5391,0
5392,0
5393,0
5394,1
5395,1
5396,0
5397,1
5398,0
5399,1
5400,1
5401,0
5402,1
5403,1
5404,1
5405,1
5406,0
5407,0
5408,1
5409,1
5410,0
5411,0
5412,1
5413,0
5414,0
5415,0
5416,1
5417,1
5418,1
5419,0
5420,0
5421,1
5422,1
5423,0
5424,1
5425,1
5426,0
5427,0
5428,1
5429,0
5430,1
5431,1
5432,0
5433,0
5434,1
5435,1
5436,0
5437,0
5438,1
5439,0
5440,1
5441,0
5442,0
5443,0
5444,0
5445,1
5446,1
5447,0
5448,0
5449,0
5450,1
5451,0
5452,0
5453,1
5454,1
5455,1
5456,0
5457,1
5458,1
5459,1
5460,1
5461,0
5462,1
5463,1
5464,1
5465,0
5466,1
5467,0
5468,0
5469,0
5470,0
5471,0
5472,0
5473,1
5474,1
5475,1
5476,1
5477,0
5478,0
5479,1
5480,0
5481,0
5482,0
5483,1
5484,1
5485,1
5486,1
5487,0
5488,0
5489,1
5490,0
5491,0
5492,0
5493,1
5494,1
5495,0
5496,0
5497,0
5498,1
5499,0
5500,0
5501,1
5502,1
5503,1
5504,0
5505,0
5506,0
5507,0
5508,0
5509,0
5510,0
5511,0
5512,0
5513,0
5514,0
5515,0
5516,0
5517,0
5518,1
5519,1
5520,0
5521,0
5522,1
5523,1
5524,1
5525,1
5526,1
5527,0
5528,1
5529,1
5530,0
5531,0
5532,1
5533,0
5534,1
5535,0
5536,0
5537,1
5538,0
5539,1
5540,1
5541,0
5542,0
5543,0
5544,0
5545,0
5546,1
5547,1
5548,1
5549,0
5550,0
5551,0
5552,0
5553,1
5554,1
5555,0
5556,1
5557,1
5558,1
5559,0
5560,0
5561,1
5562,1
5563,1
5564,1
5565,1
5566,1
5567,1
5568,0
5569,0
5570,0
5571,1
5572,1
5573,0
5574,1
5575,0
5576,1
5577,0
5578,1
5579,1
5580,0
5581,0
5582,0
5583,0
5584,0
5585,0
5586,1
5587,0
5588,0
5589,0
5590,1
5591,0
5592,0
5593,1
5594,1
5595,0
5596,0
5597,0
5598,0
5599,1
5600,0
5601,1
5602,1
5603,1
5604,0
5605,0
5606,1
5607,0
5608,1
5609,0
5610,1
5611,1
5612,1
5613,1
5614,0
5615,0
5616,1
5617,1
5618,0
5619,0
5620,0
5621,0
5622,0
5623,1
5624,1
5625,1
5626,1
5627,0
5628,1
5629,0
5630,0
5631,1
5632,0
5633,1
5634,1
5635,1
5636,1
5637,0
5638,0
5639,0
5640,0
5641,1
5642,0
5643,1
5644,0
5645,1
5646,0
5647,1
5648,0
5649,0
5650,0
5651,1
5652,1
5653,0
5654,1
5655,0
5656,1
5657,1
5658,1
5659,0
5660,0
5661,1
5662,1
5663,0
5664,0
5665,1
5666,1
5667,1
5668,0
5669,1
5670,1
5671,0
5672,1
5673,0
5674,0
5675,1
5676,0
5677,0
5678,0
5679,0
5680,0
5681,1
5682,0
5683,1
5684,0
5685,0
5686,0
5687,0
5688,0
5689,0
5690,0
5691,0
5692,0
5693,0
5694,1
5695,1
5696,0
5697,0
5698,1
5699,0
5700,1
5701,0
5702,0
5703,0
5704,0
5705,0
5706,0
5707,0
5708,1
5709,0
5710,0
5711,1
5712,0
5713,0
5714,0
5715,0
5716,1
5717,0
5718,1
5719,0
5720,1
5721,1
5722,1
5723,0
5724,1
5725,0
5726,0
5727,1
5728,1
5729,1
5730,0
5731,0
5732,0
5733,1
5734,0
5735,1
5736,1
5737,1
5738,0
5739,1
5740,0
5741,1
5742,0
5743,0
5744,1
5745,0
5746,0
5747,0
5748,0
5749,1
5750,1
5751,0
5752,0
5753,0
5754,1
5755,0
5756,1
5757,0
5758,1
5759,0
5760,1
5761,0
5762,0
5763,1
5764,1
5765,0
5766,1
5767,0
5768,1
5769,1
5770,1
5771,0
5772,1
5773,0
5774,1
5775,0
5776,1
5777,1
5778,0
5779,0
5780,0
5781,1
5782,1
5783,0
5784,0
5785,1
5786,0
5787,0
5788,0
5789,0
5790,0
5791,1
5792,0
5793,0
5794,1
5795,0
5796,0
5797,0
5798,0
5799,1
5800,1
5801,0
5802,0
5803,0
5804,1
5805,1
5806,1
5807,0
5808,0
5809,1
5810,1
5811,0
5812,0
5813,1
5814,1
5815,0
5816,1
5817,1
5818,1
5819,1
5820,0
5821,1
5822,1
5823,1
5824,1
5825,1
5826,0
5827,0
5828,0
5829,1
5830,0
5831,0
5832,1
5833,0
5834,1
5835,1
5836,1
5837,1
5838,1
5839,1
5840,1
5841,1
5842,1
5843,1
5844,1
5845,0
5846,0
5847,0
5848,0
5849,1
5850,1
5851,1
5852,1
5853,0
5854,0
5855,0
5856,0
5857,1
5858,1
5859,0
5860,0
5861,0
5862,0
5863,0
5864,1
5865,1
5866,1
5867,1
5868,0
5869,1
5870,0
5871,1
5872,1
5873,0
5874,1
5875,1
5876,0
5877,1
5878,0
5879,0
5880,1
5881,1
5882,0
5883,0
5884,0
5885,1
5886,0
5887,1
5888,0
5889,1
5890,1
5891,1
5892,1
5893,0
5894,0
5895,0
5896,0
5897,1
5898,1
5899,0
5900,1
5901,0
5902,1
5903,0
5904,1
5905,1
5906,0
5907,0
5908,1
5909,1
5910,1
5911,1
5912,1
5913,0
5914,1
5915,0
5916,0
5917,0
5918,0
5919,1
5920,1
5921,0
5922,1
5923,0
5924,0
5925,1
5926,0
5927,1
5928,0
5929,0
5930,0
5931,1
5932,1
5933,1
5934,0
5935,1
5936,1
5937,0
5938,0
5939,0
5940,0
5941,0
5942,1
5943,0
5944,0
5945,0
5946,1
5947,0
5948,1
5949,0
5950,1
5951,0
5952,0
5953,1
5954,1
5955,1
5956,0
5957,1
5958,0
5959,0
5960,0
5961,1
5962,1
5963,1
5964,1
5965,1
5966,0
5967,0
5968,0
5969,1
5970,1
5971,1
5972,1
5973,1
5974,0
5975,1
5976,0
5977,1
5978,0
5979,1
5980,0
5981,1
5982,1
5983,0
5984,0
5985,1
5986,1
5987,0
5988,1
5989,1
5990,0
5991,0
5992,0
5993,0
5994,0
5995,0
5996,0
5997,1
5998,1
5999,1
6000,1
6001,1
6002,0
6003,0
6004,0
6005,1
6006,0
6007,1
6008,0
6009,0
6010,0
6011,1
6012,0
6013,1
6014,1
6015,0
6016,1
6017,0
6018,1
6019,1
6020,1
6021,0
6022,1
6023,0
6024,1
6025,0
6026,0
6027,1
6028,0
6029,0
6030,0
6031,0
6032,1
6033,0
6034,1
6035,1
6036,1
6037,1
6038,0
6039,1
6040,0
6041,1
6042,0
6043,1
6044,1
6045,1
6046,0
6047,1
6048,1
6049,0
6050,0
6051,0
6052,0
6053,1
6054,1
6055,0
6056,1
6057,1
6058,0
6059,0
6060,0
6061,1
6062,1
6063,0
6064,0
6065,1
6066,1
6067,0
6068,1
6069,1
6070,1
6071,0
6072,0
6073,1
6074,1
6075,0
6076,0
6077,0
6078,1
6079,0
6080,0
6081,1
6082,0
6083,0
6084,0
6085,1
6086,0
6087,0
6088,1
6089,1
6090,0
6091,1
6092,0
6093,1
6094,0
6095,0
6096,1
6097,1
6098,0
6099,1
6100,1
6101,1
6102,1
6103,1
6104,1
6105,0
6106,0
6107,1
6108,0
6109,1
6110,0
6111,1
6112,1
6113,0
6114,1
6115,1
6116,1
6117,0
6118,1
6119,0
6120,0
6121,0
6122,0
6123,0
6124,0
6125,1
6126,0
6127,1
6128,1
6129,1
6130,1
6131,1
6132,0
6133,1
6134,0
6135,1
6136,0
6137,0
6138,1
6139,1
6140,1
6141,1
6142,0
6143,1
6144,0
6145,1
6146,1
6147,0
6148,1
6149,0
6150,1
6151,0
6152,1
6153,1
6154,1
6155,0
6156,0
6157,0
6158,0
6159,1
6160,1
6161,1
6162,1
6163,1
6164,0
6165,1
6166,0
6167,0
6168,1
6169,1
6170,0
6171,0
6172,1
6173,0
6174,0
6175,1
6176,0
6177,0
6178,0
6179,0
6180,1
6181,0
6182,0
6183,0
6184,0
6185,0
6186,1
6187,1
6188,0
6189,0
6190,1
6191,0
6192,1
6193,0
6194,0
6195,0
6196,1
6197,0
6198,0
6199,1
6200,1
6201,0
6202,0
6203,1
6204,1
6205,0
6206,1
6207,1
6208,0
6209,0
6210,1
6211,1
6212,0
6213,0
6214,1
6215,1
6216,1
6217,1
6218,0
6219,0
6220,1
6221,1
6222,0
6223,1
6224,1
6225,1
6226,1
6227,1
6228,1
6229,1
6230,0
6231,0
6232,0
6233,1
6234,1
6235,1
6236,1
6237,0
6238,0
6239,0
6240,0
6241,0
6242,0
6243,0
6244,1
6245,0
6246,0
6247,0
6248,1
6249,0
6250,0
6251,1
6252,0
6253,0
6254,1
6255,0
6256,0
6257,1
6258,0
6259,0
6260,0
6261,0
6262,1
6263,1
6264,0
6265,0
6266,0
6267,0
6268,1
6269,1
6270,1
6271,1
6272,1
6273,0
6274,1
6275,0
6276,1
6277,1
6278,1
6279,1
6280,0
6281,1
6282,0
6283,0
6284,0
6285,1
6286,0
6287,1
6288,0
6289,1
6290,1
6291,0
6292,1
6293,0
6294,1
6295,1
6296,0
6297,1
6298,1
6299,0
6300,0
6301,0
6302,0
6303,0
6304,1
6305,0
6306,1
6307,0
6308,0
6309,0
6310,1
6311,1
6312,0
6313,1
6314,1
6315,1
6316,0
6317,0
6318,0
6319,0
6320,0
6321,1
6322,1
6323,1
6324,1
6325,1
6326,1
6327,0
6328,0
6329,0
6330,1
6331,0
6332,0
6333,0
6334,1
6335,0
6336,1
6337,1
6338,0
6339,1
6340,0
6341,0
6342,0
6343,0
6344,0
6345,1
6346,0
6347,0
6348,0
6349,1
6350,0
6351,1
6352,0
6353,0
6354,0
6355,1
6356,1
6357,1
6358,0
6359,0
6360,0
6361,0
6362,0
6363,0
6364,0
6365,1
6366,1
6367,0
6368,1
6369,0
6370,0
6371,1
6372,1
6373,0
6374,0
6375,0
6376,1
6377,1
6378,0
6379,1
6380,0
6381,1
6382,0
6383,1
6384,1
6385,0
6386,1
6387,0
6388,0
6389,1
6390,1
6391,1
6392,0
6393,1
6394,1
6395,1
6396,1
6397,0
6398,1
6399,0
6400,1
6401,1
6402,1
6403,1
6404,1
6405,1
6406,0
6407,1
6408,1
6409,1
6410,1
6411,1
6412,1
6413,0
6414,0
6415,1
6416,1
6417,0
6418,1
6419,1
6420,0
6421,1
6422,1
6423,1
6424,0
6425,1
6426,1
6427,0
6428,1
6429,0
6430,0
6431,1
6432,0
6433,1
6434,1
6435,0
6436,0
6437,0
6438,0
6439,0
6440,0
6441,1
6442,1
6443,0
6444,1
6445,1
6446,0
6447,0
6448,0
6449,0
6450,1
6451,1
6452,0
6453,0
6454,0
6455,1
6456,1
6457,0
6458,1
6459,1
6460,1
6461,0
6462,1
6463,0
6464,0
6465,1
6466,0
6467,0
6468,1
6469,0
6470,1
6471,1
6472,1
6473,1
6474,1
6475,1
6476,0
6477,1
6478,1
6479,1
6480,0
6481,1
6482,0
6483,1
6484,0
6485,1
6486,0
6487,1
6488,0
6489,0
6490,0
6491,0
6492,1
6493,0
6494,0
6495,1
6496,0
6497,1
6498,0
6499,1
6500,0
6501,0
6502,0
6503,0
6504,0
6505,0
6506,1
6507,0
6508,0
6509,0
6510,1
6511,1
6512,0
6513,0
6514,1
6515,1
6516,1
6517,1
6518,1
6519,0
6520,1
6521,0
6522,1
6523,0
6524,0
6525,1
6526,0
6527,0
6528,1
6529,1
6530,0
6531,1
6532,1
6533,0
6534,0
6535,0
6536,0
6537,1
6538,1
6539,1
6540,0
6541,0
6542,1
6543,1
6544,1
6545,0
6546,1
6547,0
6548,0
6549,0
6550,0
6551,0
6552,1
6553,1
6554,1
6555,0
6556,0
6557,1
6558,0
6559,1
6560,1
6561,1
6562,0
6563,1
6564,0
6565,1
6566,1
6567,1
6568,1
6569,1
6570,1
6571,1
6572,1
6573,1
6574,1
6575,0
6576,0
6577,0
6578,0
6579,1
6580,1
6581,1
6582,1
6583,0
6584,1
6585,1
6586,1
6587,0
6588,0
6589,0
6590,0
6591,1
6592,1
6593,1
6594,0
6595,0
6596,0
6597,1
6598,1
6599,0
6600,0
6601,1
6602,1
6603,1
6604,0
6605,0
6606,0
6607,0
6608,0
6609,1
6610,0
6611,1
6612,1
6613,1
6614,0
6615,1
6616,1
6617,0
6618,1
6619,1
6620,1
6621,1
6622,0
6623,0
6624,1
6625,1
6626,1
6627,1
6628,1
6629,1
6630,1
6631,1
6632,1
6633,1
6634,0
6635,0
6636,0
6637,1
6638,0
6639,0
6640,1
6641,0
6642,0
6643,1
6644,1
6645,0
6646,1
6647,0
6648,1
6649,1
6650,1
6651,1
6652,1
6653,1
6654,0
6655,0
6656,1
6657,0
6658,0
6659,0
6660,1
6661,1
6662,0
6663,0
6664,1
6665,0
6666,0
6667,1
6668,0
6669,1
6670,1
6671,0
6672,1
6673,0
6674,1
6675,0
6676,0
6677,1
6678,0
6679,0
6680,1
6681,0
6682,1
6683,0
6684,0
6685,0
6686,0
6687,1
6688,0
6689,0
6690,0
6691,1
6692,1
6693,1
6694,0
6695,0
6696,1
6697,0
6698,0
6699,1
6700,1
6701,1
6702,0
6703,1
6704,1
6705,1
6706,0
6707,1
6708,1
6709,1
6710,0
6711,0
6712,1
6713,1
6714,0
6715,1
6716,1
6717,0
6718,1
6719,0
6720,1
6721,1
6722,0
6723,1
6724,1
6725,1
6726,1
6727,0
6728,0
6729,1
6730,1
6731,0
6732,0
6733,1
6734,1
6735,1
6736,0
6737,1
6738,1
6739,1
6740,1
6741,0
6742,0
6743,1
6744,0
6745,0
6746,0
6747,1
6748,0
6749,0
6750,0
6751,1
6752,1
6753,0
6754,0
6755,1
6756,0
6757,0
6758,1
6759,1
6760,0
6761,1
6762,1
6763,0
6764,1
6765,0
6766,1
6767,1
6768,0
6769,0
6770,0
6771,1
6772,1
6773,1
6774,1
6775,1
6776,1
6777,1
6778,1
6779,0
6780,1
6781,0
6782,1
6783,1
6784,1
6785,0
6786,0
6787,0
6788,0
6789,0
6790,1
6791,1
6792,1
6793,1
6794,0
6795,0
6796,1
6797,1
6798,1
6799,0
6800,0
6801,1
6802,0
6803,1
6804,1
6805,1
6806,1
6807,0
6808,1
6809,1
6810,1
6811,0
6812,0
6813,1
6814,0
6815,1
6816,1
6817,0
6818,0
6819,1
6820,1
6821,0
6822,0
6823,0
6824,1
6825,1
6826,0
6827,1
6828,0
6829,1
6830,1
6831,0
6832,0
6833,1
6834,0
6835,1
6836,1
6837,1
6838,1
6839,1
6840,0
6841,0
6842,1
6843,1
6844,1
6845,0
6846,0
6847,0
6848,1
6849,0
6850,0
6851,1
6852,0
6853,0
6854,1
6855,0
6856,1
6857,0
6858,0
6859,1
6860,0
6861,1
6862,0
6863,0
6864,0
6865,1
6866,1
6867,1
6868,1
6869,0
6870,1
6871,1
6872,1
6873,1
6874,1
6875,1
6876,0
6877,0
6878,0
6879,1
6880,0
6881,1
6882,1
6883,1
6884,1
6885,0
6886,0
6887,1
6888,1
6889,1
6890,1
6891,1
6892,1
6893,1
6894,1
6895,1
6896,0
6897,0
6898,0
6899,1
6900,0
6901,1
6902,1
6903,0
6904,0
6905,1
6906,1
6907,1
6908,0
6909,1
6910,1
6911,0
6912,1
6913,1
6914,0
6915,1
6916,1
6917,0
6918,1
6919,1
6920,0
6921,1
6922,0
6923,0
6924,0
6925,0
6926,0
6927,0
6928,1
6929,0
6930,0
6931,1
6932,0
6933,0
6934,0
6935,1
6936,1
6937,0
6938,0
6939,1
6940,1
6941,0
6942,1
6943,0
6944,0
6945,0
6946,0
6947,1
6948,0
6949,0
6950,1
6951,0
6952,0
6953,1
6954,0
6955,0
6956,0
6957,1
6958,0
6959,1
6960,1
6961,1
6962,1
6963,1
6964,1
6965,0
6966,0
6967,0
6968,0
6969,1
6970,1
6971,0
6972,1
6973,1
6974,1
6975,1
6976,0
6977,1
6978,0
6979,1
6980,0
6981,0
6982,1
6983,0
6984,0
6985,1
6986,1
6987,0
6988,0
6989,0
6990,0
6991,0
6992,1
6993,1
6994,0
6995,1
6996,0
6997,0
6998,0
6999,1
7000,0
7001,0
7002,1
7003,0
7004,0
7005,1
7006,1
7007,1
7008,0
7009,0
7010,1
7011,1
7012,1
7013,0
7014,1
7015,0
7016,1
7017,1
7018,0
7019,1
7020,0
7021,0
7022,1
7023,1
7024,0
7025,0
7026,1
7027,0
7028,0
7029,1
7030,0
7031,0
7032,1
7033,1
7034,1
7035,0
7036,1
7037,0
7038,1
7039,0
7040,0
7041,0
7042,1
7043,0
7044,0
7045,1
7046,0
7047,1
7048,0
7049,1
7050,1
7051,0
7052,0
7053,1
7054,0
7055,1
7056,0
7057,1
7058,1
7059,0
7060,1
7061,0
7062,0
7063,0
7064,0
7065,0
7066,1
7067,1
7068,1
7069,0
7070,0
7071,1
7072,1
7073,0
7074,1
7075,0
7076,0
7077,1
7078,1
7079,0
7080,1
7081,0
7082,1
7083,1
7084,1
7085,1
7086,1
7087,0
7088,0
7089,1
7090,0
7091,0
7092,1
7093,1
7094,0
7095,0
7096,0
7097,0
7098,0
7099,0
7100,1
7101,0
7102,1
7103,1
7104,1
7105,1
7106,0
7107,1
7108,0
7109,1
7110,1
7111,1
7112,0
7113,1
7114,1
7115,1
7116,0
7117,0
7118,0
7119,1
7120,0
7121,0
7122,0
7123,1
7124,0
7125,1
7126,1
7127,0
7128,1
7129,0
7130,0
7131,0
7132,0
7133,0
7134,0
7135,1
7136,0
7137,1
7138,1
7139,1
7140,1
7141,1
7142,0
7143,0
7144,0
7145,1
7146,1
7147,1
7148,0
7149,1
7150,0
7151,1
7152,0
7153,0
7154,1
7155,0
7156,1
7157,0
7158,1
7159,0
7160,1
7161,0
7162,1
7163,0
7164,0
7165,1
7166,1
7167,0
7168,0
7169,0
7170,1
7171,0
7172,0
7173,0
7174,1
7175,0
7176,0
7177,0
7178,0
7179,1
7180,0
7181,0
7182,1
7183,0
7184,1
7185,0
7186,1
7187,0
7188,0
7189,0
7190,1
7191,1
7192,1
7193,1
7194,1
7195,1
7196,1
7197,0
7198,1
7199,0
7200,0
7201,1
7202,1
7203,0
7204,0
7205,0
7206,1
7207,1
7208,0
7209,0
7210,1
7211,0
7212,1
7213,0
7214,1
7215,1
7216,0
7217,0
7218,1
7219,0
7220,0
7221,0
7222,1
7223,1
7224,1
7225,1
7226,1
7227,1
7228,1
7229,1
7230,1
7231,1
7232,1
7233,1
7234,0
7235,1
7236,1
7237,0
7238,0
7239,0
7240,1
7241,0
7242,1
7243,0
7244,1
7245,0
7246,1
7247,0
7248,1
7249,0
7250,1
7251,1
7252,0
7253,0
7254,0
7255,0
7256,0
7257,0
7258,1
7259,1
7260,0
7261,1
7262,1
7263,0
7264,1
7265,0
7266,1
7267,1
7268,0
7269,0
7270,0
7271,0
7272,0
7273,0
7274,0
7275,1
7276,1
7277,0
7278,0
7279,0
7280,0
7281,1
7282,1
7283,0
7284,0
7285,1
7286,1
7287,0
7288,0
7289,1
7290,1
7291,0
7292,0
7293,1
7294,0
7295,0
7296,1
7297,1
7298,0
7299,0
7300,1
7301,1
7302,0
7303,1
7304,0
7305,1
7306,0
7307,1
7308,0
7309,0
7310,0
7311,1
7312,1
7313,1
7314,0
7315,0
7316,0
7317,0
7318,0
7319,1
7320,0
7321,1
7322,0
7323,1
7324,0
7325,0
7326,1
7327,1
7328,1
7329,0
7330,0
7331,1
7332,0
7333,1
7334,0
7335,1
7336,0
7337,1
7338,1
7339,1
7340,1
7341,0
7342,1
7343,1
7344,0
7345,0
7346,1
7347,0
7348,1
7349,0
7350,0
7351,1
7352,1
7353,1
7354,1
7355,0
7356,0
7357,0
7358,1
7359,0
7360,1
7361,1
7362,1
7363,1
7364,1
7365,0
7366,1
7367,1
7368,1
7369,0
7370,1
7371,1
7372,1
7373,1
7374,0
7375,1
7376,0
7377,0
7378,0
7379,1
7380,1
7381,0
7382,0
7383,0
7384,0
7385,0
7386,0
7387,1
7388,0
7389,0
7390,0
7391,1
7392,0
7393,0
7394,0
7395,0
7396,0
7397,0
7398,1
7399,1
7400,1
7401,0
7402,0
7403,0
7404,0
7405,1
7406,0
7407,0
7408,0
7409,1
7410,1
7411,0
7412,1
7413,1
7414,1
7415,0
7416,0
7417,1
7418,1
7419,1
7420,1
7421,1
7422,1
7423,0
7424,0
7425,0
7426,1
7427,0
7428,1
7429,0
7430,0
7431,1
7432,0
7433,0
7434,0
7435,1
7436,0
7437,0
7438,1
7439,0
7440,0
7441,0
7442,0
7443,0
7444,1
7445,1
7446,1
7447,1
7448,0
7449,1
7450,0
7451,0
7452,1
7453,1
7454,1
7455,0
7456,1
7457,1
7458,1
7459,1
7460,0
7461,1
7462,1
7463,1
7464,1
7465,1
7466,0
7467,1
7468,1
7469,1
7470,1
7471,1
7472,0
7473,1
7474,0
7475,1
7476,1
7477,0
7478,1
7479,1
7480,1
7481,1
7482,1
7483,1
7484,1
7485,1
7486,1
7487,0
7488,0
7489,0
7490,0
7491,0
7492,1
7493,0
7494,1
7495,1
7496,0
7497,1
7498,0
7499,1
7500,1
7501,1
7502,1
7503,0
7504,1
7505,1
7506,1
7507,1
7508,1
7509,1
7510,0
7511,0
7512,0
7513,0
7514,0
7515,0
7516,0
7517,0
7518,1
7519,1
7520,0
7521,1
7522,1
7523,1
7524,0
7525,0
7526,0
7527,1
7528,0
7529,0
7530,1
7531,1
7532,1
7533,0
7534,0
7535,0
7536,1
7537,1
7538,1
7539,1
7540,1
7541,1
7542,0
7543,1
7544,1
7545,1
7546,1
7547,0
7548,1
7549,1
7550,1
7551,0
7552,1
7553,1
7554,0
7555,1
7556,0
7557,0
7558,1
7559,0
7560,1
7561,0
7562,1
7563,0
7564,0
7565,1
7566,0
7567,1
7568,1
7569,1
7570,0
7571,1
7572,0
7573,1
7574,0
7575,1
7576,1
7577,1
7578,1
7579,1
7580,1
7581,1
7582,0
7583,0
7584,0
7585,0
7586,1
7587,1
7588,1
7589,0
7590,1
7591,0
7592,1
7593,0
7594,0
7595,1
7596,0
7597,1
7598,1
7599,1
7600,1
7601,0
7602,1
7603,0
7604,1
7605,1
7606,1
7607,1
7608,0
7609,0
7610,1
7611,0
7612,0
7613,1
7614,1
7615,1
7616,1
7617,1
7618,0
7619,1
7620,0
7621,1
7622,1
7623,0
7624,1
7625,1
7626,1
7627,1
7628,1
7629,1
7630,1
7631,1
7632,0
7633,0
7634,1
7635,0
7636,1
7637,1
7638,0
7639,1
7640,1
7641,0
7642,0
7643,0
7644,1
7645,1
7646,0
7647,1
7648,1
7649,0
7650,0
7651,0
7652,1
7653,0
7654,1
7655,0
7656,0
7657,0
7658,1
7659,1
7660,1
7661,0
7662,1
7663,1
7664,1
7665,1
7666,0
7667,0
7668,1
7669,0
7670,1
7671,1
7672,0
7673,0
7674,0
7675,0
7676,0
7677,0
7678,1
7679,1
7680,0
7681,1
7682,0
7683,1
7684,0
7685,1
7686,1
7687,0
7688,1
7689,0
7690,0
7691,0
7692,0
7693,1
7694,1
7695,0
7696,1
7697,0
7698,0
7699,0
7700,0
7701,0
7702,0
7703,1
7704,0
7705,1
7706,1
7707,1
7708,0
7709,1
7710,0
7711,0
7712,1
7713,0
7714,0
7715,0
7716,0
7717,1
7718,1
7719,1
7720,1
7721,1
7722,1
7723,1
7724,0
7725,1
7726,1
7727,1
7728,0
7729,0
7730,0
7731,0
7732,1
7733,1
7734,1
7735,0
7736,0
7737,0
7738,1
7739,0
7740,0
7741,1
7742,1
7743,0
7744,1
7745,1
7746,0
7747,1
7748,0
7749,1
7750,1
7751,1
7752,1
7753,0
7754,1
7755,0
7756,0
7757,0
7758,0
7759,0
7760,0
7761,0
7762,0
7763,0
7764,0
7765,1
7766,0
7767,1
7768,0
7769,1
7770,0
7771,0
7772,0
7773,1
7774,0
7775,0
7776,1
7777,1
7778,1
7779,0
7780,0
7781,0
7782,0
7783,0
7784,0
7785,0
7786,1
7787,1
7788,1
7789,0
7790,0
7791,1
7792,0
7793,1
7794,0
7795,0
7796,1
7797,0
7798,1
7799,1
7800,1
7801,1
7802,1
7803,0
7804,0
7805,0
7806,0
7807,0
7808,1
7809,0
7810,1
7811,1
7812,0
7813,0
7814,1
7815,1
7816,1
7817,1
7818,0
7819,0
7820,0
7821,1
7822,0
7823,1
7824,0
7825,0
7826,1
7827,1
7828,1
7829,1
7830,1
7831,1
7832,0
7833,1
7834,0
7835,0
7836,0
7837,1
7838,0
7839,0
7840,0
7841,1
7842,1
7843,1
7844,1
7845,0
7846,1
7847,0
7848,1
7849,1
7850,1
7851,0
7852,0
7853,1
7854,0
7855,0
7856,0
7857,0
7858,0
7859,1
7860,0
7861,1
7862,1
7863,0
7864,1
7865,1
7866,1
7867,0
7868,1
7869,1
7870,0
7871,0
7872,1
7873,0
7874,1
7875,0
7876,0
7877,0
7878,0
7879,1
7880,0
7881,1
7882,0
7883,0
7884,0
7885,0
7886,0
7887,0
7888,0
7889,0
7890,1
7891,0
7892,1
7893,1
7894,0
7895,1
7896,0
7897,0
7898,0
7899,1
7900,0
7901,1
7902,1
7903,1
7904,1
7905,1
7906,1
7907,1
7908,1
7909,0
7910,0
7911,1
7912,0
7913,1
7914,1
7915,0
7916,1
7917,0
7918,1
7919,1
7920,1
7921,0
7922,0
7923,1
7924,1
7925,0
7926,1
7927,0
7928,0
7929,1
7930,0
7931,0
7932,0
7933,0
7934,1
7935,0
7936,1
7937,0
7938,0
7939,1
7940,0
7941,0
7942,1
7943,1
7944,1
7945,0
7946,1
7947,1
7948,0
7949,1
7950,0
7951,1
7952,1
7953,0
7954,0
7955,1
7956,0
7957,1
7958,0
7959,0
7960,1
7961,0
7962,1
7963,1
7964,0
7965,1
7966,1
7967,0
7968,0
7969,0
7970,1
7971,1
7972,1
7973,0
7974,1
7975,0
7976,0
7977,0
7978,0
7979,1
7980,0
7981,1
7982,1
7983,0
7984,0
7985,1
7986,0
7987,1
7988,0
7989,0
7990,0
7991,1
7992,0
7993,0
7994,1
7995,1
7996,0
7997,0
7998,0
7999,0
8000,0
8001,0
8002,1
8003,0
8004,1
8005,0
8006,0
8007,1
8008,0
8009,0
8010,0
8011,1
8012,0
8013,1
8014,0
8015,1
8016,0
8017,0
8018,0
8019,1
8020,1
8021,1
8022,0
8023,0
8024,0
8025,0
8026,1
8027,0
8028,1
8029,1
8030,0
8031,0
8032,1
8033,1
8034,0
8035,1
8036,1
8037,0
8038,0
8039,0
8040,0
8041,1
8042,1
8043,0
8044,0
8045,0
8046,0
8047,0
8048,1
8049,1
8050,1
8051,0
8052,0
8053,1
8054,1
8055,1
8056,1
8057,0
8058,0
8059,0
8060,1
8061,0
8062,0
8063,0
8064,0
8065,0
8066,0
8067,1
8068,1
8069,0
8070,1
8071,1
8072,0
8073,1
8074,0
8075,1
8076,1
8077,1
8078,0
8079,1
8080,0
8081,1
8082,1
8083,0
8084,1
8085,0
8086,0
8087,0
8088,1
8089,0
8090,0
8091,0
8092,1
8093,1
8094,0
8095,0
8096,0
8097,1
8098,1
8099,1
8100,0
8101,0
8102,0
8103,0
8104,0
8105,0
8106,0
8107,1
8108,1
8109,0
8110,1
8111,1
8112,1
8113,1
8114,1
8115,0
8116,1
8117,0
8118,1
8119,0
8120,1
8121,0
8122,1
8123,0
8124,0
8125,1
8126,1
8127,0
8128,1
8129,1
8130,0
8131,0
8132,1
8133,1
8134,1
8135,1
8136,0
8137,0
8138,1
8139,1
8140,1
8141,0
8142,0
8143,1
8144,1
8145,0
8146,0
8147,0
8148,1
8149,0
8150,1
8151,0
8152,0
8153,1
8154,1
8155,1
8156,0
8157,0
8158,0
8159,0
8160,0
8161,1
8162,1
8163,0
8164,1
8165,1
8166,1
8167,0
8168,0
8169,0
8170,1
8171,1
8172,1
8173,1
8174,0
8175,1
8176,0
8177,1
8178,1
8179,0
8180,0
8181,1
8182,0
8183,0
8184,0
8185,1
8186,1
8187,0
8188,0
8189,0
8190,0
8191,1
8192,0
8193,1
8194,0
8195,0
8196,0
8197,1
8198,1
8199,1
8200,1
8201,0
8202,0
8203,0
8204,1
8205,1
8206,1
8207,1
8208,0
8209,0
8210,1
8211,1
8212,1
8213,0
8214,1
8215,0
8216,1
8217,0
8218,0
8219,0
8220,0
8221,0
8222,0
8223,0
8224,1
8225,1
8226,0
8227,0
8228,0
8229,0
8230,1
8231,0
8232,1
8233,1
8234,0
8235,0
8236,0
8237,0
8238,1
8239,0
8240,0
8241,0
8242,1
8243,1
8244,1
8245,0
8246,1
8247,1
8248,1
8249,0
8250,1
8251,1
8252,1
8253,1
8254,0
8255,0
8256,0
8257,0
8258,0
8259,1
8260,1
8261,0
8262,1
8263,1
8264,0
8265,1
8266,0
8267,1
8268,0
8269,1
8270,1
8271,0
8272,0
8273,0
8274,1
8275,0
8276,0
8277,0
8278,0
8279,1
8280,0
8281,1
8282,0
8283,1
8284,0
8285,1
8286,0
8287,0
8288,0
8289,0
8290,1
8291,1
8292,1
8293,0
8294,1
8295,1
8296,1
8297,0
8298,0
8299,1
8300,1
8301,0
8302,0
8303,0
8304,0
8305,1
8306,1
8307,0
8308,0
8309,0
8310,1
8311,0
8312,1
8313,0
8314,1
8315,0
8316,1
8317,1
8318,0
8319,0
8320,0
8321,0
8322,1
8323,1
8324,0
8325,1
8326,1
8327,0
8328,1
8329,1
8330,0
8331,1
8332,1
8333,0
8334,0
8335,1
8336,1
8337,1
8338,1
8339,0
8340,1
8341,0
8342,0
8343,1
8344,0
8345,1
8346,1
8347,1
8348,0
8349,0
8350,0
8351,0
8352,1
8353,0
8354,0
8355,1
8356,0
8357,1
8358,0
8359,0
8360,0
8361,0
8362,1
8363,1
8364,1
8365,1
8366,1
8367,0
8368,0
8369,0
8370,1
8371,0
8372,0
8373,1
8374,1
8375,1
8376,1
8377,1
8378,1
8379,1
8380,1
8381,1
8382,0
8383,0
8384,0
8385,1
8386,1
8387,1
8388,1
8389,1
8390,1
8391,1
8392,1
8393,0
8394,1
8395,1
8396,1
8397,1
8398,0
8399,0
8400,1
8401,0
8402,1
8403,0
8404,1
8405,1
8406,0
8407,0
8408,1
8409,0
8410,0
8411,0
8412,0
8413,1
8414,0
8415,0
8416,1
8417,1
8418,1
8419,0
8420,1
8421,1
8422,0
8423,1
8424,0
8425,1
8426,0
8427,1
8428,1
8429,0
8430,0
8431,0
8432,1
8433,1
8434,1
8435,1
8436,0
8437,1
8438,0
8439,1
8440,0
8441,1
8442,1
8443,1
8444,0
8445,0
8446,1
8447,0
8448,1
8449,1
8450,1
8451,0
8452,1
8453,0
8454,0
8455,1
8456,1
8457,0
8458,0
8459,1
8460,1
8461,0
8462,1
8463,0
8464,0
8465,1
8466,1
8467,0
8468,0
8469,1
8470,0
8471,1
8472,1
8473,1
8474,1
8475,0
8476,0
8477,0
8478,1
8479,1
8480,0
8481,1
8482,0
8483,0
8484,1
8485,0
8486,1
8487,0
8488,1
8489,0
8490,1
8491,0
8492,1
8493,1
8494,0
8495,1
8496,1
8497,0
8498,1
8499,1
8500,1
8501,1
8502,1
8503,1
8504,1
8505,1
8506,1
8507,0
8508,1
8509,0
8510,1
8511,1
8512,0
8513,0
8514,1
8515,0
8516,0
8517,0
8518,1
8519,0
8520,1
8521,1
8522,1
8523,0
8524,1
8525,0
8526,0
8527,0
8528,0
8529,1
8530,0
8531,0
8532,0
8533,1
8534,1
8535,0
8536,0
8537,1
8538,0
8539,1
8540,0
8541,0
8542,1
8543,1
8544,1
8545,1
8546,0
8547,0
8548,1
8549,1
8550,0
8551,0
8552,0
8553,0
8554,0
8555,0
8556,0
8557,0
8558,0
8559,0
8560,1
8561,1
8562,0
8563,1
8564,0
8565,0
8566,0
8567,1
8568,1
8569,1
8570,1
8571,1
8572,0
8573,1
8574,0
8575,0
8576,1
8577,0
8578,1
8579,0
8580,1
8581,1
8582,1
8583,0
8584,1
8585,0
8586,1
8587,0
8588,1
8589,1
8590,1
8591,1
8592,0
8593,1
8594,1
8595,0
8596,1
8597,0
8598,0
8599,1
8600,1
8601,1
8602,0
8603,1
8604,0
8605,1
8606,0
8607,0
8608,0
8609,0
8610,0
8611,1
8612,1
8613,0
8614,1
8615,0
8616,1
8617,1
8618,0
8619,0
8620,0
8621,1
8622,0
8623,0
8624,0
8625,0
8626,1
8627,0
8628,0
8629,0
8630,1
8631,1
8632,1
8633,0
8634,1
8635,0
8636,0
8637,1
8638,0
8639,0
8640,1
8641,1
8642,1
8643,0
8644,0
8645,0
8646,1
8647,1
8648,0
8649,1
8650,0
8651,0
8652,1
8653,1
8654,0
8655,1
8656,1
8657,0
8658,0
8659,0
8660,1
8661,0
8662,1
8663,1
8664,0
8665,1
8666,0
8667,1
8668,0
8669,0
8670,1
8671,1
8672,1
8673,1
8674,0
8675,0
8676,1
8677,1
8678,0
8679,1
8680,0
8681,0
8682,1
8683,0
8684,1
8685,1
8686,1
8687,0
8688,1
8689,1
8690,0
8691,0
8692,1
8693,0
8694,1
8695,1
8696,1
8697,1
8698,1
8699,0
8700,0
8701,1
8702,1
8703,1
8704,0
8705,0
8706,0
8707,0
8708,1
8709,0
8710,1
8711,0
8712,1
8713,0
8714,1
8715,1
8716,0
8717,1
8718,0
8719,0
8720,0
8721,1
8722,0
8723,0
8724,0
8725,1
8726,1
8727,1
8728,0
8729,0
8730,0
8731,0
8732,1
8733,1
8734,0
8735,1
8736,0
8737,0
8738,1
8739,1
8740,1
8741,0
8742,0
8743,0
8744,1
8745,1
8746,1
8747,1
8748,0
8749,0
8750,0
8751,1
8752,0
8753,1
8754,1
8755,0
8756,1
8757,0
8758,1
8759,0
8760,0
8761,1
8762,1
8763,0
8764,0
8765,1
8766,1
8767,0
8768,1
8769,1
8770,0
8771,0
8772,0
8773,0
8774,1
8775,0
8776,1
8777,0
8778,1
8779,1
8780,0
8781,0
8782,0
8783,1
8784,1
8785,1
8786,0
8787,0
8788,1
8789,1
8790,0
8791,1
8792,1
8793,0
8794,1
8795,0
8796,1
8797,0
8798,0
8799,0
8800,0
8801,0
8802,0
8803,1
8804,0
8805,1
8806,0
8807,0
8808,1
8809,0
8810,0
8811,1
8812,0
8813,1
8814,0
8815,0
8816,0
8817,0
8818,1
8819,1
8820,1
8821,1
8822,0
8823,1
8824,1
8825,1
8826,1
8827,1
8828,1
8829,1
8830,0
8831,1
8832,0
8833,0
8834,1
8835,1
8836,0
8837,0
8838,0
8839,1
8840,0
8841,0
8842,0
8843,0
8844,1
8845,1
8846,1
8847,0
8848,1
8849,0
8850,0
8851,1
8852,0
8853,1
8854,1
8855,0
8856,1
8857,0
8858,1
8859,0
8860,0
8861,0
8862,0
8863,0
8864,1
8865,0
8866,1
8867,1
8868,1
8869,1
8870,1
8871,0
8872,0
8873,1
8874,1
8875,1
8876,0
8877,1
8878,1
8879,0
8880,1
8881,1
8882,1
8883,0
8884,0
8885,1
8886,1
8887,1
8888,0
8889,1
8890,1
8891,1
8892,1
8893,0
8894,1
8895,0
8896,0
8897,0
8898,0
8899,1
8900,1
8901,0
8902,1
8903,1
8904,0
8905,1
8906,0
8907,1
8908,1
8909,0
8910,1
8911,1
8912,1
8913,0
8914,1
8915,1
8916,0
8917,0
8918,1
8919,1
8920,0
8921,0
8922,1
8923,0
8924,1
8925,1
8926,0
8927,0
8928,1
8929,1
8930,1
8931,1
8932,1
8933,1
8934,0
8935,0
8936,0
8937,1
8938,0
8939,1
8940,0
8941,1
8942,1
8943,1
8944,0
8945,0
8946,1
8947,0
8948,0
8949,1
8950,1
8951,1
8952,1
8953,1
8954,0
8955,1
8956,0
8957,0
8958,1
8959,1
8960,1
8961,1
8962,0
8963,1
8964,0
8965,1
8966,1
8967,0
8968,1
8969,1
8970,1
8971,1
8972,1
8973,1
8974,0
8975,0
8976,0
8977,1
8978,1
8979,1
8980,1
8981,1
8982,1
8983,0
8984,0
8985,1
8986,0
8987,1
8988,1
8989,1
8990,1
8991,1
8992,1
8993,1
8994,1
8995,1
8996,1
8997,1
8998,0
8999,0
9000,0
9001,0
9002,1
9003,1
9004,0
9005,1
9006,0
9007,0
9008,0
9009,0
9010,1
9011,1
9012,1
9013,1
9014,1
9015,0
9016,1
9017,1
9018,1
9019,1
9020,0
9021,1
9022,1
9023,1
9024,0
9025,0
9026,1
9027,1
9028,0
9029,1
9030,0
9031,1
9032,1
9033,0
9034,1
9035,1
9036,1
9037,1
9038,1
9039,0
9040,1
9041,1
9042,1
9043,0
9044,0
9045,1
9046,1
9047,1
9048,1
9049,1
9050,0
9051,0
9052,0
9053,0
9054,1
9055,1
9056,0
9057,0
9058,0
9059,0
9060,1
9061,0
9062,0
9063,0
9064,0
9065,1
9066,1
9067,0
9068,0
9069,1
9070,1
9071,1
9072,1
9073,0
9074,0
9075,0
9076,1
9077,0
9078,0
9079,1
9080,1
9081,1
9082,1
9083,0
9084,0
9085,0
9086,1
9087,1
9088,0
9089,0
9090,0
9091,0
9092,1
9093,1
9094,0
9095,1
9096,1
9097,0
9098,1
9099,1
9100,1
9101,1
9102,0
9103,1
9104,1
9105,1
9106,0
9107,0
9108,0
9109,0
9110,0
9111,0
9112,1
9113,1
9114,1
9115,1
9116,1
9117,0
9118,0
9119,1
9120,0
9121,0
9122,0
9123,0
9124,1
9125,1
9126,1
9127,1
9128,1
9129,1
9130,0
9131,1
9132,1
9133,1
9134,1
9135,0
9136,1
9137,1
9138,0
9139,1
9140,0
9141,0
9142,0
9143,0
9144,1
9145,0
9146,1
9147,1
9148,1
9149,0
9150,1
9151,1
9152,0
9153,1
9154,0
9155,1
9156,0
9157,0
9158,0
9159,1
9160,1
9161,0
9162,0
9163,0
9164,0
9165,1
9166,1
9167,1
9168,0
9169,1
9170,1
9171,1
9172,0
9173,1
9174,0
9175,1
9176,0
9177,1
9178,0
9179,0
9180,0
9181,1
9182,0
9183,1
9184,0
9185,0
9186,1
9187,1
9188,1
9189,0
9190,0
9191,1
9192,0
9193,0
9194,1
9195,1
9196,0
9197,0
9198,0
9199,0
9200,1
9201,0
9202,0
9203,0
9204,1
9205,1
9206,0
9207,0
9208,1
9209,0
9210,0
9211,0
9212,1
9213,1
9214,0
9215,0
9216,1
9217,1
9218,0
9219,1
9220,1
9221,1
9222,1
9223,0
9224,1
9225,1
9226,1
9227,0
9228,1
9229,0
9230,0
9231,1
9232,1
9233,0
9234,1
9235,1
9236,1
9237,1
9238,1
9239,0
9240,0
9241,0
9242,1
9243,1
9244,1
9245,0
9246,0
9247,0
9248,0
9249,1
9250,1
9251,1
9252,0
9253,1
9254,1
9255,1
9256,0
9257,0
9258,1
9259,0
9260,0
9261,0
9262,1
9263,1
9264,1
9265,1
9266,1
9267,0
9268,0
9269,1
9270,1
9271,1
9272,1
9273,0
9274,0
9275,1
9276,1
9277,0
9278,1
9279,1
9280,1
9281,1
9282,1
9283,1
9284,0
9285,0
9286,0
9287,0
9288,1
9289,1
9290,0
9291,0
9292,1
9293,0
9294,0
9295,1
9296,0
9297,0
9298,1
9299,0
9300,1
9301,1
9302,0
9303,1
9304,1
9305,0
9306,0
9307,1
9308,0
9309,1
9310,0
9311,0
9312,0
9313,0
9314,0
9315,1
9316,1
9317,0
9318,1
9319,1
9320,1
9321,1
9322,0
9323,1
9324,0
9325,1
9326,0
9327,1
9328,1
9329,0
9330,0
9331,0
9332,0
9333,0
9334,0
9335,1
9336,0
9337,0
9338,1
9339,0
9340,1
9341,1
9342,1
9343,1
9344,0
9345,0
9346,1
9347,0
9348,1
9349,0
9350,1
9351,1
9352,1
9353,0
9354,0
9355,1
9356,0
9357,0
9358,1
9359,1
9360,1
9361,1
9362,0
9363,0
9364,0
9365,0
9366,1
9367,0
9368,1
9369,0
9370,0
9371,1
9372,0
9373,1
9374,0
9375,0
9376,0
9377,0
9378,1
9379,1
9380,1
9381,1
9382,1
9383,0
9384,0
9385,0
9386,1
9387,0
9388,0
9389,1
9390,1
9391,0
9392,1
9393,0
9394,0
9395,1
9396,0
9397,1
9398,0
9399,0
9400,0
9401,0
9402,0
9403,0
9404,0
9405,0
9406,1
9407,0
9408,0
9409,0
9410,0
9411,1
9412,1
9413,1
9414,1
9415,0
9416,0
9417,1
9418,1
9419,0
9420,0
9421,0
9422,0
9423,1
9424,0
9425,0
9426,0
9427,1
9428,0
9429,0
9430,1
9431,1
9432,0
9433,0
9434,1
9435,1
9436,0
9437,1
9438,0
9439,0
9440,0
9441,1
9442,1
9443,0
9444,0
9445,0
9446,0
9447,1
9448,0
9449,0
9450,0
9451,0
9452,1
9453,0
9454,0
9455,0
9456,0
9457,0
9458,0
9459,0
9460,0
9461,0
9462,1
9463,0
9464,1
9465,1
9466,1
9467,1
9468,0
9469,1
9470,0
9471,1
9472,1
9473,0
9474,0
9475,1
9476,0
9477,1
9478,1
9479,1
9480,1
9481,0
9482,1
9483,0
9484,1
9485,0
9486,0
9487,1
9488,0
9489,1
9490,1
9491,1
9492,1
9493,0
9494,0
9495,1
9496,0
9497,0
9498,0
9499,1
9500,1
9501,1
9502,1
9503,1
9504,1
9505,1
9506,1
9507,1
9508,0
9509,0
9510,0
9511,0
9512,0
9513,0
9514,1
9515,1
9516,1
9517,1
9518,1
9519,0
9520,1
9521,0
9522,0
9523,0
9524,1
9525,0
9526,0
9527,1
9528,0
9529,0
9530,1
9531,0
9532,1
9533,0
9534,0
9535,1
9536,1
9537,0
9538,0
9539,1
9540,0
9541,1
9542,0
9543,1
9544,0
9545,1
9546,0
9547,0
9548,0
9549,1
9550,0
9551,0
9552,1
9553,1
9554,1
9555,0
9556,0
9557,0
9558,1
9559,0
9560,1
9561,1
9562,0
9563,1
9564,1
9565,0
9566,0
9567,1
9568,1
9569,1
9570,0
9571,0
9572,1
9573,0
9574,0
9575,0
9576,0
9577,0
9578,0
9579,1
9580,0
9581,1
9582,1
9583,0
9584,1
9585,0
9586,1
9587,0
9588,0
9589,1
9590,0
9591,0
9592,1
9593,0
9594,1
9595,0
9596,1
9597,0
9598,1
9599,1
9600,1
9601,0
9602,0
9603,0
9604,1
9605,0
9606,0
9607,1
9608,0
9609,0
9610,1
9611,0
9612,0
9613,0
9614,1
9615,1
9616,1
9617,1
9618,1
9619,1
9620,0
9621,1
9622,0
9623,0
9624,0
9625,1
9626,0
9627,1
9628,0
9629,1
9630,1
9631,0
9632,0
9633,1
9634,0
9635,0
9636,0
9637,0
9638,1
9639,0
9640,1
9641,1
9642,0
9643,0
9644,0
9645,0
9646,1
9647,0
9648,1
9649,1
9650,0
9651,1
9652,0
9653,0
9654,0
9655,1
9656,1
9657,0
9658,0
9659,0
9660,1
9661,0
9662,0
9663,0
9664,1
9665,0
9666,0
9667,0
9668,1
9669,1
9670,1
9671,1
9672,1
9673,0
9674,0
9675,1
9676,0
9677,1
9678,1
9679,0
9680,0
9681,0
9682,1
9683,0
9684,1
9685,0
9686,1
9687,0
9688,1
9689,0
9690,1
9691,0
9692,0
9693,0
9694,1
9695,0
9696,1
9697,1
9698,1
9699,0
9700,1
9701,0
9702,1
9703,0
9704,1
9705,0
9706,1
9707,0
9708,1
9709,1
9710,0
9711,1
9712,0
9713,0
9714,0
9715,1
9716,1
9717,0
9718,0
9719,1
9720,1
9721,0
9722,0
9723,1
9724,0
9725,1
9726,0
9727,0
9728,1
9729,0
9730,1
9731,1
9732,1
9733,0
9734,0
9735,1
9736,1
9737,0
9738,0
9739,0
9740,0
9741,1
9742,0
9743,0
9744,0
9745,0
9746,0
9747,1
9748,0
9749,1
9750,1
9751,1
9752,0
9753,0
9754,0
9755,0
9756,1
9757,0
9758,1
9759,1
9760,0
9761,1
9762,0
9763,1
9764,0
9765,0
9766,0
9767,1
9768,1
9769,0
9770,1
9771,0
9772,1
9773,1
9774,1
9775,0
9776,1
9777,1
9778,1
9779,0
9780,0
9781,1
9782,0
9783,1
9784,1
9785,1
9786,1
9787,0
9788,0
9789,1
9790,1
9791,1
9792,0
9793,0
9794,0
9795,1
9796,0
9797,0
9798,0
9799,1
9800,1
9801,0
9802,1
9803,1
9804,0
9805,0
9806,0
9807,0
9808,1
9809,1
9810,1
9811,1
9812,0
9813,0
9814,0
9815,0
9816,0
9817,1
9818,0
9819,0
9820,0
9821,0
9822,1
9823,0
9824,0
9825,0
9826,0
9827,0
9828,1
9829,0
9830,1
9831,0
9832,0
9833,1
9834,1
9835,0
9836,1
9837,0
9838,0
9839,0
9840,1
9841,1
9842,1
9843,0
9844,1
9845,1
9846,1
9847,1
9848,0
9849,0
9850,0
9851,0
9852,1
9853,1
9854,1
9855,0
9856,1
9857,0
9858,1
9859,0
9860,0
9861,0
9862,0
9863,0
9864,1
9865,1
9866,1
9867,0
9868,0
9869,0
9870,0
9871,0
9872,0
9873,0
9874,0
9875,1
9876,1
9877,1
9878,1
9879,0
9880,1
9881,0
9882,0
9883,0
9884,0
9885,0
9886,0
9887,0
9888,1
9889,0
9890,1
9891,1
9892,1
9893,1
9894,0
9895,1
9896,0
9897,0
9898,0
9899,1
9900,1
9901,1
9902,1
9903,0
9904,1
9905,1
9906,0
9907,1
9908,0
9909,0
9910,1
9911,1
9912,0
9913,1
9914,0
9915,1
9916,1
9917,1
9918,0
9919,0
9920,1
9921,0
9922,0
9923,1
9924,1
9925,1
9926,1
9927,0
9928,1
9929,1
9930,0
9931,1
9932,0
9933,0
9934,0
9935,0
9936,1
9937,0
9938,1
9939,1
9940,1
9941,1
9942,0
9943,1
9944,1
9945,1
9946,1
9947,1
9948,1
9949,1
9950,1
9951,1
9952,0
9953,0
9954,0
9955,1
9956,1
9957,0
9958,0
9959,0
9960,0
9961,0
9962,1
9963,0
9964,0
9965,1
9966,1
9967,0
9968,1
9969,1
9970,1
9971,1
9972,1
9973,0
9974,0
9975,1
9976,0
9977,1
9978,1
9979,0
9980,0
9981,1
9982,0
9983,0
9984,1
9985,1
9986,0
9987,1
9988,1
9989,1
9990,0
9991,0
9992,0
9993,0
9994,1
9995,0
9996,0
9997,0
9998,1
9999,0
10000,0
10001,1
10002,0
10003,0
10004,1
10005,1
10006,0
10007,1
10008,1
10009,1
10010,0
10011,0
10012,0
10013,1
10014,0
10015,0
10016,0
10017,1
10018,0
10019,0
10020,1
10021,0
10022,0
10023,0
10024,0
10025,1
10026,1
10027,0
10028,1
10029,1
10030,1
10031,0
10032,0
10033,0
10034,0
10035,0
10036,1
10037,1
10038,0
10039,1
10040,0
10041,1
10042,0
10043,1
10044,1
10045,0
10046,1
10047,0
10048,0
10049,1
10050,1
10051,0
10052,0
10053,0
10054,0
10055,1
10056,1
10057,0
10058,0
10059,1
10060,1
10061,0
10062,0
10063,1
10064,0
10065,0
10066,1
10067,0
10068,0
10069,0
10070,1
10071,1
10072,0
10073,1
10074,0
10075,0
10076,1
10077,1
10078,1
10079,1
10080,0
10081,0
10082,0
10083,1
10084,0
10085,0
10086,1
10087,1
10088,0
10089,0
10090,1
10091,1
10092,0
10093,0
10094,0
10095,1
10096,1
10097,0
10098,0
10099,1
10100,1
10101,0
10102,0
10103,1
10104,0
10105,0
10106,0
10107,1
10108,1
10109,1
10110,1
10111,1
10112,0
10113,1
10114,1
10115,1
10116,1
10117,0
10118,1
10119,0
10120,0
10121,0
10122,0
10123,0
10124,1
10125,0
10126,0
10127,0
10128,0
10129,0
10130,1
10131,0
10132,0
10133,1
10134,1
10135,1
10136,0
10137,1
10138,0
10139,1
10140,0
10141,0
10142,1
10143,1
10144,1
10145,0
10146,0
10147,1
10148,1
10149,0
10150,0
10151,0
10152,1
10153,0
10154,0
10155,1
10156,0
10157,0
10158,0
10159,0
10160,1
10161,0
10162,0
10163,0
10164,0
10165,0
10166,1
10167,1
10168,1
10169,0
10170,1
10171,1
10172,0
10173,0
10174,1
10175,1
10176,0
10177,0
10178,0
10179,1
10180,0
10181,1
10182,1
10183,1
10184,0
10185,1
10186,1
10187,0
10188,0
10189,1
10190,1
10191,1
10192,1
10193,0
10194,0
10195,0
10196,1
10197,1
10198,1
10199,1
10200,1
10201,1
10202,1
10203,1
10204,0
10205,1
10206,0
10207,1
10208,1
10209,0
10210,0
10211,1
10212,1
10213,0
10214,1
10215,1
10216,1
10217,0
10218,0
10219,1
10220,0
10221,0
10222,0
10223,1
10224,0
10225,0
10226,0
10227,0
10228,1
10229,1
10230,0
10231,0
10232,0
10233,1
10234,0
10235,0
10236,0
10237,1
10238,0
10239,0
10240,0
10241,1
10242,1
10243,1
10244,1
10245,1
10246,0
10247,1
10248,0
10249,0
10250,1
10251,0
10252,1
10253,0
10254,1
10255,1
10256,0
10257,1
10258,1
10259,1
10260,0
10261,0
10262,1
10263,0
10264,0
10265,1
10266,1
10267,0
10268,1
10269,1
10270,1
10271,0
10272,0
10273,0
10274,0
10275,1
10276,0
10277,1
10278,0
10279,1
10280,0
10281,0
10282,1
10283,1
10284,1
10285,1
10286,1
10287,0
10288,0
10289,1
10290,0
10291,0
10292,0
10293,0
10294,0
10295,0
10296,0
10297,1
10298,1
10299,1
10300,1
10301,0
10302,0
10303,1
10304,1
10305,1
10306,0
10307,1
10308,0
10309,0
10310,1
10311,1
10312,0
10313,1
10314,1
10315,1
10316,1
10317,1
10318,1
10319,1
10320,0
10321,0
10322,1
10323,1
10324,1
10325,0
10326,1
10327,0
10328,0
10329,1
10330,0
10331,0
10332,1
10333,1
10334,0
10335,0
10336,0
10337,0
10338,1
10339,0
10340,0
10341,1
10342,1
10343,0
10344,0
10345,1
10346,1
10347,1
10348,0
10349,0
10350,1
10351,0
10352,0
10353,1
10354,1
10355,1
10356,0
10357,0
10358,1
10359,1
10360,1
10361,1
10362,1
10363,1
10364,1
10365,0
10366,0
10367,0
10368,0
10369,0
10370,0
10371,0
10372,1
10373,1
10374,0
10375,0
10376,0
10377,0
10378,0
10379,1
10380,1
10381,0
10382,1
10383,1
10384,0
10385,0
10386,1
10387,0
10388,0
10389,1
10390,1
10391,1
10392,0
10393,0
10394,0
10395,1
10396,1
10397,0
10398,1
10399,0
10400,0
10401,0
10402,0
10403,1
10404,1
10405,1
10406,0
10407,0
10408,0
10409,0
10410,0
10411,1
10412,1
10413,1
10414,1
10415,0
10416,1
10417,1
10418,0
10419,1
10420,0
10421,1
10422,0
10423,0
10424,0
10425,1
10426,1
10427,1
10428,0
10429,1
10430,1
10431,1
10432,1
10433,1
10434,0
10435,1
10436,1
10437,1
10438,0
10439,1
10440,1
10441,0
10442,0
10443,1
10444,0
10445,0
10446,0
10447,1
10448,1
10449,0
10450,1
10451,1
10452,1
10453,1
10454,1
10455,0
10456,0
10457,0
10458,0
10459,0
10460,0
10461,0
10462,0
10463,0
10464,0
10465,1
10466,0
10467,1
10468,0
10469,1
10470,1
10471,0
10472,1
10473,1
10474,1
10475,0
10476,0
10477,0
10478,1
10479,1
10480,0
10481,1
10482,1
10483,0
10484,1
10485,1
10486,1
10487,0
10488,1
10489,0
10490,1
10491,1
10492,1
10493,1
10494,0
10495,0
10496,0
10497,1
10498,1
10499,0
10500,0
10501,1
10502,0
10503,0
10504,0
10505,0
10506,0
10507,1
10508,0
10509,1
10510,1
10511,1
10512,1
10513,1
10514,0
10515,0
10516,1
10517,0
10518,0
10519,1
10520,0
10521,1
10522,0
10523,1
10524,0
10525,0
10526,0
10527,0
10528,0
10529,0
10530,0
10531,1
10532,0
10533,0
10534,0
10535,0
10536,1
10537,1
10538,1
10539,0
10540,1
10541,0
10542,0
10543,0
10544,0
10545,1
10546,0
10547,1
10548,1
10549,0
10550,0
10551,0
10552,0
10553,0
10554,1
10555,0
10556,0
10557,0
10558,0
10559,1
10560,1
10561,0
10562,1
10563,1
10564,1
10565,1
10566,0
10567,0
10568,0
10569,1
10570,1
10571,1
10572,0
10573,0
10574,0
10575,1
10576,1
10577,0
10578,0
10579,0
10580,1
10581,0
10582,1
10583,0
10584,1
10585,1
10586,1
10587,0
10588,1
10589,1
10590,0
10591,1
10592,0
10593,1
10594,1
10595,1
10596,0
10597,1
10598,0
10599,0
10600,0
10601,0
10602,0
10603,0
10604,0
10605,1
10606,0
10607,1
10608,0
10609,1
10610,1
10611,0
10612,1
10613,0
10614,0
10615,1
10616,1
10617,0
10618,0
10619,0
10620,1
10621,0
10622,0
10623,1
10624,0
10625,0
10626,0
10627,0
10628,0
10629,1
10630,1
10631,0
10632,1
10633,1
10634,1
10635,1
10636,1
10637,0
10638,0
10639,1
10640,0
10641,0
10642,1
10643,1
10644,0
10645,0
10646,0
10647,0
10648,1
10649,1
10650,1
10651,0
10652,0
10653,0
10654,1
10655,1
10656,0
10657,0
10658,0
10659,0
10660,1
10661,1
10662,0
10663,1
10664,0
10665,1
10666,1
10667,0
10668,1
10669,1
10670,1
10671,0
10672,0
10673,1
10674,0
10675,1
10676,0
10677,0
10678,0
10679,1
10680,0
10681,1
10682,0
10683,1
10684,1
10685,1
10686,0
10687,1
10688,1
10689,1
10690,1
10691,1
10692,1
10693,1
10694,1
10695,1
10696,1
10697,1
10698,1
10699,0
10700,0
10701,0
10702,1
10703,0
10704,1
10705,1
10706,0
10707,0
10708,1
10709,0
10710,0
10711,0
10712,1
10713,0
10714,0
10715,0
10716,0
10717,1
10718,0
10719,1
10720,1
10721,0
10722,1
10723,0
10724,1
10725,0
10726,0
10727,0
10728,0
10729,0
10730,0
10731,1
10732,0
10733,0
10734,1
10735,0
10736,0
10737,0
10738,1
10739,1
10740,1
10741,0
10742,1
10743,0
10744,0
10745,1
10746,1
10747,0
10748,0
10749,0
10750,0
10751,1
10752,0
10753,1
10754,1
10755,0
10756,1
10757,1
10758,0
10759,1
10760,1
10761,0
10762,1
10763,1
10764,0
10765,1
10766,1
10767,0
10768,0
10769,1
10770,0
10771,1
10772,1
10773,1
10774,1
10775,0
10776,1
10777,1
10778,1
10779,0
10780,1
10781,0
10782,1
10783,1
10784,0
10785,0
10786,0
10787,0
10788,0
10789,1
10790,0
10791,0
10792,1
10793,1
10794,1
10795,1
10796,1
10797,0
10798,0
10799,1
10800,1
10801,1
10802,1
10803,1
10804,0
10805,1
10806,1
10807,1
10808,1
10809,1
10810,0
10811,0
10812,0
10813,0
10814,1
10815,0
10816,0
10817,0
10818,0
10819,1
10820,1
10821,0
10822,1
10823,1
10824,1
10825,0
10826,0
10827,0
10828,1
10829,1
10830,0
10831,1
10832,0
10833,1
10834,1
10835,0
10836,1
10837,0
10838,0
10839,1
10840,0
10841,1
10842,0
10843,0
10844,1
10845,1
10846,1
10847,0
10848,1
10849,0
10850,0
10851,0
10852,0
10853,0
10854,0
10855,0
10856,0
10857,0
10858,1
10859,1
10860,1
10861,1
10862,0
10863,1
10864,0
10865,1
10866,0
10867,0
10868,1
10869,1
10870,1
10871,1
10872,0
10873,1
10874,1
10875,1
10876,0
10877,0
10878,1
10879,1
10880,1
10881,0
10882,0
10883,1
10884,0
10885,1
10886,0
10887,1
10888,0
10889,0
10890,1
10891,1
10892,0
10893,1
10894,0
10895,0
10896,1
10897,0
10898,1
10899,1
10900,0
10901,0
10902,0
10903,0
10904,1
10905,1
10906,0
10907,1
10908,0
10909,1
10910,1
10911,1
10912,0
10913,1
10914,0
10915,1
10916,1
10917,1
10918,1
10919,1
10920,0
10921,1
10922,1
10923,1
10924,1
10925,1
10926,1
10927,1
10928,0
10929,1
10930,0
10931,0
10932,1
10933,1
10934,1
10935,1
10936,0
10937,1
10938,1
10939,0
10940,0
10941,1
10942,0
10943,1
10944,1
10945,0
10946,1
10947,1
10948,1
10949,0
10950,1
10951,1
10952,0
10953,1
10954,0
10955,0
10956,1
10957,0
10958,0
10959,0
10960,1
10961,1
10962,0
10963,0
10964,0
10965,0
10966,1
10967,0
10968,0
10969,1
10970,0
10971,0
10972,1
10973,0
10974,0
10975,1
10976,1
10977,0
10978,0
10979,1
10980,0
10981,1
10982,1
10983,1
10984,1
10985,1
10986,1
10987,0
10988,0
10989,0
10990,1
10991,1
10992,1
10993,0
10994,0
10995,0
10996,0
10997,0
10998,1
10999,0
11000,0
11001,1
11002,0
11003,0
11004,0
11005,1
11006,0
11007,1
11008,0
11009,1
11010,0
11011,1
11012,1
11013,0
11014,1
11015,0
11016,1
11017,0
11018,1
11019,0
11020,0
11021,1
11022,1
11023,0
11024,0
11025,0
11026,0
11027,0
11028,0
11029,0
11030,1
11031,1
11032,1
11033,0
11034,1
11035,0
11036,1
11037,0
11038,1
11039,0
11040,0
11041,0
11042,1
11043,0
11044,0
11045,1
11046,1
11047,1
11048,0
11049,1
11050,1
11051,0
11052,1
11053,1
11054,1
11055,1
11056,1
11057,0
11058,1
11059,0
11060,1
11061,0
11062,1
11063,1
11064,1
11065,0
11066,1
11067,1
11068,0
11069,1
11070,1
11071,1
11072,1
11073,0
11074,1
11075,1
11076,1
11077,1
11078,0
11079,0
11080,0
11081,0
11082,0
11083,0
11084,1
11085,0
11086,1
11087,0
11088,1
11089,0
11090,0
11091,0
11092,1
11093,1
11094,0
11095,0
11096,0
11097,1
11098,0
11099,0
11100,0
11101,1
11102,0
11103,1
11104,1
11105,1
11106,0
11107,1
11108,0
11109,0
11110,1
11111,1
11112,0
11113,0
11114,1
11115,1
11116,1
11117,1
11118,0
11119,1
11120,1
11121,0
11122,1
11123,1
11124,0
11125,1
11126,1
11127,1
11128,0
11129,1
11130,0
11131,1
11132,1
11133,1
11134,1
11135,1
11136,1
11137,0
11138,0
11139,1
11140,1
11141,0
11142,0
11143,0
11144,0
11145,0
11146,1
11147,0
11148,0
11149,1
11150,0
11151,1
11152,1
11153,0
11154,1
11155,0
11156,0
11157,0
11158,0
11159,0
11160,0
11161,1
11162,0
11163,1
11164,0
11165,0
11166,0
11167,0
11168,1
11169,0
11170,1
11171,0
11172,1
11173,0
11174,0
11175,1
11176,0
11177,1
11178,1
11179,0
11180,1
11181,1
11182,1
11183,1
11184,0
11185,1
11186,1
11187,1
11188,0
11189,0
11190,1
11191,0
11192,1
11193,0
11194,1
11195,0
11196,0
11197,1
11198,1
11199,0
11200,1
11201,0
11202,1
11203,1
11204,0
11205,1
11206,1
11207,0
11208,1
11209,1
11210,1
11211,0
11212,1
11213,1
11214,0
11215,0
11216,1
11217,1
11218,0
11219,1
11220,1
11221,0
11222,0
11223,0
11224,0
11225,1
11226,0
11227,0
11228,0
11229,0
11230,0
11231,0
11232,0
11233,1
11234,1
11235,1
11236,1
11237,0
11238,1
11239,0
11240,0
11241,1
11242,1
11243,0
11244,1
11245,0
11246,0
11247,0
11248,0
11249,1
11250,0
11251,0
11252,1
11253,1
11254,1
11255,1
11256,1
11257,1
11258,0
11259,1
11260,1
11261,0
11262,1
11263,0
11264,0
11265,0
11266,1
11267,1
11268,1
11269,1
11270,0
11271,0
11272,1
11273,0
11274,1
11275,0
11276,0
11277,1
11278,0
11279,1
11280,0
11281,0
11282,1
11283,0
11284,0
11285,1
11286,0
11287,0
11288,0
11289,0
11290,1
11291,1
11292,0
11293,1
11294,0
11295,0
11296,1
11297,1
11298,0
11299,1
11300,0
11301,1
11302,0
11303,1
11304,1
11305,1
11306,0
11307,0
11308,1
11309,1
11310,0
11311,0
11312,1
11313,0
11314,0
11315,1
11316,0
11317,1
11318,1
11319,1
11320,0
11321,0
11322,0
11323,1
11324,0
11325,0
11326,0
11327,0
11328,1
11329,0
11330,0
11331,0
11332,0
11333,1
11334,1
11335,1
11336,1
11337,0
11338,0
11339,1
11340,0
11341,1
11342,0
11343,1
11344,0
11345,1
11346,1
11347,1
11348,1
11349,0
11350,0
11351,1
11352,1
11353,0
11354,1
11355,0
11356,1
11357,0
11358,1
11359,1
11360,1
11361,0
11362,0
11363,1
11364,1
11365,1
11366,1
11367,1
11368,0
11369,1
11370,0
11371,0
11372,0
11373,0
11374,0
11375,1
11376,0
11377,1
11378,0
11379,1
11380,0
11381,0
11382,1
11383,1
11384,1
11385,1
11386,0
11387,1
11388,1
11389,0
11390,1
11391,0
11392,0
11393,1
11394,1
11395,0
11396,0
11397,0
11398,0
11399,1
11400,0
11401,0
11402,0
11403,1
11404,1
11405,1
11406,0
11407,1
11408,1
11409,0
11410,1
11411,0
11412,0
11413,1
11414,1
11415,0
11416,0
11417,0
11418,1
11419,0
11420,0
11421,1
11422,0
11423,1
11424,0
11425,0
11426,1
11427,0
11428,0
11429,1
